run_id,date,commit,case,command,status,reason,superseded_by,geometry,Re,grid,cells,tau,Ma,steps,warmup,avg_Tft,collision,sgs,wall_model,walls,boundaries,sponge,forcing,metric,value,se,drift_1st,drift_2nd,reference,err_pct,wall_engaged,nut_les_nu_mean,nut_les_nu_max,max_u,wall_time_s,mlups,other,notes,backend,vram_fields_gb,vram_gpu_gb,vram_gpu_scope,rho_min,rho_max,hot_cells,hot_where
1,pre-log,pre-log,cylinder,(backfilled),reference,Phase 3 validation (DESIGN.md),,D-scaled cylinder,100,,,,,,,,TRT,none,,Bouzidi,,,,Cd,1.576,,,,1.4,12.6,,,,,,,St 0.165 (ref 0.16-0.18); later 1.520 at refactor A,~7-9% discretization floor,,,,,,,,
2,pre-log,pre-log,step,(backfilled),reference,Armaly BFS (DESIGN.md),,,101,,,,,,,,TRT,none,,staircase BB,,,,x_r/S,2.47,,,,3.0,-17.7,,,,,,,,uniform inlet; quantized x_r (since interpolated),,,,,,,,
3,pre-log,pre-log,channel,(backfilled),superseded,pre wall-node + sqrt2 fixes,5,delta=64 (Re_tau 180),180,120x130x60,936000,0.5048,0.14,600000,100000,,TRT,none (DNS),off,halfway BB,"periodic x,z / no-slip y walls",none,body force gx,U+ centerline,18.3,,,,18.3,0.0,,,,,,,u'rms 3.2 @ y+16; asym 1.4%,,,,,,,,,
4,pre-log,pre-log,ahmed,(backfilled),invalid,wall nodes collided (drag artifact); cs old convention,10,H=32 phi=25 round,30000,696x120x117,9771840,0.50016,0.087,83520,41760,3.0,regularized,smag cs=0.1 (old conv.),log-law y+>30,staircase BB,NEEM-open inlet / zero-grad outlet / free-slip z / no-slip floor+ceiling,none,none,Cd,3.2454,,,,,,,,,,,,,"first-pass sweep; 30->3.2328, 35->3.2149, flat",,,,,,,,
5,2026-09-22,509c180,channel,(backfilled),good,law of wall holds after fixes,,delta=64 (Re_tau 180),180,120x130x60,936000,0.5048,0.14,600000,100000,,TRT (collide_full),none (DNS),off,halfway BB,"periodic x,z / no-slip y walls",none,body force gx,U+ centerline,18.49,,,,18.3,1.0,,,,0.0938,387,1451.2,u'rms 3.08 @ y+15.5; wall-shear -3.8%; asym 2.1%; wall-fn u_tau 0.00477,,cuda,,,,,,,
6,2026-09-22,509c180,ahmed,(backfilled),superseded,first post-fix Cd; no error bars,10,H=32 phi=25 round,30000,696x120x117,9771840,0.50016,0.087,83520,41760,3.0,regularized,smag cs=0.084,log-law y+>30,staircase BB,NEEM-open inlet / zero-grad outlet / free-slip z / no-slip floor+ceiling,none,none,Cd,0.7396,,,,,,804,,,0.0882,687,1188.0,,Cd 3.245 -> 0.740 after wall-node fix,cuda,,,,,,,
7,2026-09-23,509c180+dirty,ahmed,(backfilled),bad,not stationary (drift 2.5 SE at phi=25),10,H=32 phi=25 round,30000,696x120x117,9771840,0.50016,0.087,83520,41760,3.0,regularized,smag cs=0.084,log-law y+>30,staircase BB,NEEM-open inlet / zero-grad outlet / free-slip z / no-slip floor+ceiling,none,none,Cd,0.7396,0.0029,0.7419,0.7374,,,804,,,0.0882,681,1198.4,,sweep pass 2,cuda,,,,,,,
8,2026-09-23,509c180+dirty,ahmed,(backfilled),bad,drift ~4 SE (not converged),11,H=32 phi=30 round,30000,696x120x117,9771840,0.50016,0.087,83520,41760,3.0,regularized,smag cs=0.084,log-law y+>30,staircase BB,NEEM-open inlet / zero-grad outlet / free-slip z / no-slip floor+ceiling,none,none,Cd,0.7408,0.0027,0.7461,0.7356,,,797,,,0.0859,724,1127.3,,sweep pass 2,cuda,,,,,,,
9,2026-09-23,509c180+dirty,ahmed,(backfilled),bad,drift ~4 SE (not converged),12,H=32 phi=35 round,30000,696x120x117,9771840,0.50016,0.087,83520,41760,3.0,regularized,smag cs=0.084,log-law y+>30,staircase BB,NEEM-open inlet / zero-grad outlet / free-slip z / no-slip floor+ceiling,none,none,Cd,0.7482,0.0039,0.7563,0.7401,,,789,,,0.085,732,1115.0,,sweep pass 2,cuda,,,,,,,
10,2026-09-23,509c180+dirty,ahmed,(backfilled),good,converged; slant flat (unresolvable at H=32),,H=32 phi=25 round,30000,696x120x117,9771840,0.50016,0.087,153120,69600,6.0,regularized,smag cs=0.084,log-law y+>30,staircase BB,NEEM-open inlet / zero-grad outlet / free-slip z / no-slip floor+ceiling,none,none,Cd,0.7422,0.0016,0.7385,0.7463,,,811,,,0.0854,1235,1211.5,rerun bit-identical (1249 s); slant attached frac 0.09 @0.05U,sweep pass 3 (5+11 T_ft),cuda,,,,,,,
11,2026-09-23,509c180+dirty,ahmed,(backfilled),good,converged,,H=32 phi=30 round,30000,696x120x117,9771840,0.50016,0.087,153120,69600,6.0,regularized,smag cs=0.084,log-law y+>30,staircase BB,NEEM-open inlet / zero-grad outlet / free-slip z / no-slip floor+ceiling,none,none,Cd,0.7439,0.0026,0.7404,0.7475,,,845,,,0.0873,1249,1198.0,,sweep pass 3,cuda,,,,,,,
12,2026-09-23,509c180+dirty,ahmed,(backfilled),good,converged,,H=32 phi=35 round,30000,696x120x117,9771840,0.50016,0.087,153120,69600,6.0,regularized,smag cs=0.084,log-law y+>30,staircase BB,NEEM-open inlet / zero-grad outlet / free-slip z / no-slip floor+ceiling,none,none,Cd,0.7502,0.0038,0.7461,0.7541,,,789,,,0.085,1248,1198.9,,sweep pass 3; slant gate fails (flat),cuda,,,,,,,
13,2026-09-23,509c180+dirty,ahmed,(backfilled),good,nose gate: +48% vs round,,H=32 phi=25 square,30000,696x120x117,9771840,0.50016,0.087,153120,69600,6.0,regularized,smag cs=0.084,log-law y+>30,staircase BB,NEEM-open inlet / zero-grad outlet / free-slip z / no-slip floor+ceiling,none,none,Cd,1.1017,0.0186,1.104,1.1036,,,611,,,0.0903,1243,1203.8,,Phase 3 relative gate PASS,cuda,,,,,,,
14,2026-09-23,509c180+dirty,ahmed,(backfilled),good,nose gate,,H=32 phi=30 square,30000,696x120x117,9771840,0.50016,0.087,153120,69600,6.0,regularized,smag cs=0.084,log-law y+>30,staircase BB,NEEM-open inlet / zero-grad outlet / free-slip z / no-slip floor+ceiling,none,none,Cd,1.1042,0.0182,1.0938,1.1181,,,575,,,0.0957,1235,1211.5,,,cuda,,,,,,,
15,2026-09-23,509c180+dirty,ahmed,(backfilled),good,nose gate,,H=32 phi=35 square,30000,696x120x117,9771840,0.50016,0.087,153120,69600,6.0,regularized,smag cs=0.084,log-law y+>30,staircase BB,NEEM-open inlet / zero-grad outlet / free-slip z / no-slip floor+ceiling,none,none,Cd,1.1211,0.0201,1.1085,1.1371,,,518,,,0.0896,1295,1155.4,,,cuda,,,,,,,
16,2026-09-24,d8ae6c9,ahmed,(backfilled),good,"refactor C: ~20% faster, Cd within SE",,H=32 phi=25 round,30000,696x120x117,9771840,0.50016,0.087,153120,69600,6.0,regularized,smag cs=0.084,log-law y+>30,staircase BB,NEEM-open inlet / zero-grad outlet / free-slip z / no-slip floor+ceiling,none,none,Cd,0.7444,0.0029,0.7401,0.749,,,816,,,0.0869,997,1500.8,,current Smagorinsky baseline,cuda,,,,0.9312,1.1515,28,measured post hoc from .vti; all 28 near the nose (x 116-154)
17,2026-09-24,c4603d3+dirty,channel,(backfilled),good,WALE leaves resolved DNS intact,,delta=64 (Re_tau 180),180,120x130x60,936000,0.5048,0.14,600000,100000,,TRT (collide_full),wale cw=0.5,off,halfway BB,"periodic x,z / no-slip y walls",none,body force gx,U+ centerline,18.2,,,,18.3,-0.5,,,,0.0904,568,988.7,u'rms 3.11 @ y+12.7 (peak moved in); wall-shear -2.6%; asym 1.0%,,cuda,,,,,,,
18,2026-09-24,d02f6a3+dirty,channel,(backfilled),invalid,TRT at tau=0.50037 diverges; per-step print,,delta=16 (Re_tau 590),590,9x34x5,1530,0.50037,0.14,150000,25000,,TRT (collide_full),wale cw=0.5,off,halfway BB,"periodic x,z / no-slip y walls",none,body force gx,U+ centerline,nan,,,,20.8,,,,,,,,,NaN ~step 500,cuda,,,,,,,
19,2026-09-24,4118ea6+dirty,channel,(backfilled),invalid,"unresolved wall (y+ 18, wall model off); box too small",,delta=16 (Re_tau 590),590,9x34x5,1530,0.50037,0.14,150000,25000,,regularized,wale cw=0.5,off,halfway BB,"periodic x,z / no-slip y walls",none,body force gx,U+ centerline,27.3,,,,20.8,31.3,,16.27,165.69,0.236,144,1.6,u'rms 7.89 @ y+461 (core); wall-shear -33.3%; asym 1.6%,,cuda,,,,,,,
20,2026-09-24,4118ea6+dirty,channel,(backfilled),invalid,diverged (NaN ~73%); invalid setup,,delta=16 (Re_tau 590),590,9x34x5,1530,0.50037,0.14,150000,25000,,regularized,smag cs=0.084,off,halfway BB,"periodic x,z / no-slip y walls",none,body force gx,U+ centerline,nan,,,,20.8,,,,,,118,1.9,,,cuda,,,,,,,
21,2026-09-25,a9bbaea+dirty,ahmed,(backfilled),bad,"boundary noise: max|u| 0.18 at side walls/inlet, rho +-20%",,H=32 phi=25 round,30000,696x120x117,9771840,0.50016,0.087,153120,69600,6.0,regularized,wale cw=0.5,log-law y+>30,staircase BB,NEEM-open inlet / zero-grad outlet / free-slip z / no-slip floor+ceiling,none,none,Cd,0.667,0.003,0.6618,0.6723,,,4664,7.0,148.52,0.159,1241,1205.7,"wall engagement 5.7x smag; 1541 cells >0.10 (549 side walls, 317 inlet)",best WALE number so far; Cd not trusted,cuda,,,,0.9261,1.2041,1541,side walls z:549 inlet x<=10:317 near body:85 free stream:590 (post hoc)
22,2026-09-25,a9bbaea+dirty,ahmed,(backfilled),bad,same boundary noise as round WALE,,H=32 phi=25 square,30000,696x120x117,9771840,0.50016,0.087,153120,69600,6.0,regularized,wale cw=0.5,log-law y+>30,staircase BB,NEEM-open inlet / zero-grad outlet / free-slip z / no-slip floor+ceiling,none,none,Cd,1.076,0.0111,1.0864,1.0645,,,5213,6.98,206.53,0.135,1234,1212.5,square/round +61% (smag +48%),,cuda,,,,0.8919,1.2229,1561,similar to run 21; peak on side wall k=0 (post hoc)
23,2026-09-25,a9bbaea+dirty,ahmed,(backfilled),bad,"sponge + density-floating inlet/outlet -> global mass accumulation (rho up to 3.35), Cd 2x and climbing",,H=32 phi=25 round,30000,696x120x117,9771840,0.50016,0.087,153120,69600,6.0,regularized,wale cw=0.5,log-law y+>30,staircase BB,NEEM-open inlet / zero-grad outlet / free-slip z / no-slip floor+ceiling,"inlet/outlet/z, width 8, nu_max 0.02",none,Cd,1.5037,0.1343,1.2646,1.7431,,,1183,5.47,168.41,0.319,1258,1189.4,,,cuda,,,,1.0,3.351,181555,everywhere; max|u| ~0.28 in every x bin (post hoc)
24,2026-09-25,a9bbaea+dirty,ahmed,(backfilled),bad,"same mass accumulation as run 23 (rho up to 2.50): the sponge, not the SGS model",,H=32 phi=25 round,30000,696x120x117,9771840,0.50016,0.087,153120,69600,6.0,regularized,smag cs=0.084,log-law y+>30,staircase BB,NEEM-open inlet / zero-grad outlet / free-slip z / no-slip floor+ceiling,"inlet/outlet/z, width 8, nu_max 0.02",none,Cd,1.403,0.0949,1.2367,1.5695,,,750,,,0.222,1013,1477.1,,,cuda,,,,1.0,2.503,180517,everywhere; max|u| ~0.20 in every x bin (post hoc)
25,2026-09-22,509c180,poiseuille_2d,(backfilled),good,red-first; fixed by skipping wall-node collision,,,,,,,,,,,BGK (magic tau),,,halfway BB,,,,wall root,0.084,,,,0.5,,,,,,,,after fix: within 0.01,0.42-cell wall offset found,,,,,,,,
26,2026-09-24,d02f6a3+dirty,poiseuille_3d_forced,(backfilled),bad,regularized drops -F/2 first moment,,,,,,,,,,,regularized,,,,,,body force gx,peak err %,13.5,,,,0.0,,,,,,,,,red-first,,,,,,,,
27,2026-09-24,d02f6a3+dirty,poiseuille_3d_forced,(backfilled),bad,wrong candidate (normal stress only),,,,,,,,,,,regularized,,,,,,body force gx,peak err %,12.8,,,,0.0,,,,,,,,,0.5(uF+Fu) added to Pi,,,,,,,,
28,2026-09-24,4118ea6,poiseuille_3d_forced,(backfilled),good,first-order Hermite term restored,,,,,,,,,,,regularized,,,,,,body force gx,peak err %,-1.02,,,,0.0,,,,,,,,ny=64: +0.99% (non-monotone); collide_forced +0.33/+0.34%,tolerance 2%,,,,,,,,
29,2026-09-25T01:37,fafd9bc+dirty,ahmed,python -m src.examples.ahmed 25 round wale,partial,,,H=32 phi=25 round,30000,696x120x117,9771840,0.50016,0.087,153120,69600,6.0,regularized,wale cw=0.5,log-law y+>30,staircase BB,NEEM-open inlet / pressure outlet / free-slip z / no-slip floor+ceiling,none,none,Cd,0.6891,0.0094,0.6974,0.68,,,4725,7.23,172.45,0.1659,1243,1203.8,,"pressure outlet killed mass drift + inlet/outlet hot cells; z side walls (480) + interior (778) still hot, rho 0.88-1.13",cuda,1.881,3.96,device,0.8792,1.125,1271,x-:0 x+:0 y-:12 y+:1 z-:252 z+:228 interior:778
30,2026-09-25T11:16,fafd9bc+dirty,ahmed,python -m src.examples.ahmed 25 round smag,partial,"Smag + pressure outlet control for run 29: hot 28 (none on z walls); rho spread is inlet acoustic sloshing from impulsive start, not SGS",,H=32 phi=25 round,30000,696x120x117,9771840,0.50016,0.087,153120,69600,6.0,regularized,smag cs=0.084,log-law y+>30,staircase BB,NEEM-open inlet / pressure outlet / free-slip z / no-slip floor+ceiling,none,none,Cd,0.7496,0.0175,0.7489,0.7502,,,761,,,0.1181,1033,1448.5,,,cuda,1.881,3.95,device,0.8932,1.2313,28,x-:0 x+:0 y-:0 y+:0 z-:0 z+:0 interior:28
31,2026-09-25T12:07,fafd9bc+dirty,ahmed,python -m src.examples.ahmed 25 round wale,partial,"WALE after one-sided edge-gradient fix: hot 1310, unchanged vs run 29; hot cells trace to impulsive-start noise (upstream i=5-12, z walls far wake)",,H=32 phi=25 round,30000,696x120x117,9771840,0.50016,0.087,153120,69600,6.0,regularized,wale cw=0.5,log-law y+>30,staircase BB,NEEM-open inlet / pressure outlet / free-slip z / no-slip floor+ceiling,none,none,Cd,0.6739,0.0036,0.6783,0.6687,,,4867,7.19,158.79,0.1623,1263,1184.7,,,cuda,1.881,3.92,device,0.9145,1.1307,1310,x-:4 x+:0 y-:61 y+:2 z-:235 z+:213 interior:795
32,2026-09-25T12:32,fafd9bc+dirty,ahmed,python -m src.examples.ahmed 25 round wale,invalid,"init_equilibrium indented inside sponge if-block: f never initialised, NaN from step 0",,H=32 phi=25 round,30000,696x120x117,9771840,0.50016,0.087,153120,69600,6.0,regularized,wale cw=0.5,log-law y+>30,staircase BB,NEEM-open inlet / pressure outlet / free-slip z / no-slip floor+ceiling,none,none,Cd,nan,nan,nan,nan,,,0,,,nan,1261,1186.6,,,cuda,1.881,3.93,device,,,0,x-:0 x+:0 y-:0 y+:0 z-:0 z+:0 interior:0 nonfinite:9459335
33,2026-09-25T12:46,fafd9bc+dirty,ahmed,python -m src.examples.ahmed 25 round wale,invalid,NaN diagnostic of run 32 bug (3000 steps); confirmed NaN at step 0,,H=32 phi=25 round,30000,696x120x117,9771840,0.50016,0.087,3000,69600,-4.8,regularized,wale cw=0.5,log-law y+>30,staircase BB,NEEM-open inlet / pressure outlet / free-slip z / no-slip floor+ceiling,none,none,Cd,nan,nan,nan,nan,,,0,,,nan,2,14657.8,,,cuda,1.881,3.92,device,,,0,x-:0 x+:0 y-:0 y+:0 z-:0 z+:0 interior:0 nonfinite:9459335
34,2026-09-25T12:48,fafd9bc+dirty,ahmed,python -m src.examples.ahmed 25 round wale,invalid,"3000-step smoke test after init fix: no NaN, rho 1.0-1.009 during ramp; steps < warmup so no Cd",,H=32 phi=25 round,30000,696x120x117,9771840,0.50016,0.087,3000,69600,-4.8,regularized,wale cw=0.5,log-law y+>30,staircase BB,NEEM-open inlet / pressure outlet / free-slip z / no-slip floor+ceiling,none,none,Cd,nan,nan,nan,nan,,,0,0.0,0.36,0.009,47,623.7,,,cuda,1.881,3.94,device,1.0,1.0092,0,x-:0 x+:0 y-:0 y+:0 z-:0 z+:0 interior:0
35,2026-09-25T13:11,fafd9bc+dirty,ahmed,python -m src.examples.ahmed 25 round wale,partial,"WALE + rest start + cosine inlet ramp (1 T_ft): hot 1517, upstream 503 at i=5-15 (lateral u up to 2.5U), inlet plane itself clean; ramp did not help -> noise generated continuously near NEEM inlet at tau0=0.50016 with WALE nut~0 upstream",,H=32 phi=25 round,30000,696x120x117,9771840,0.50016,0.087,153120,69600,6.0,regularized,wale cw=0.5,log-law y+>30,staircase BB,NEEM-open inlet / pressure outlet / free-slip z / no-slip floor+ceiling,none,none,Cd,0.661,0.0066,0.662,0.6601,,,6066,7.1,165.9,0.1523,1259,1188.5,,,cuda,1.881,3.9,device,0.9196,1.1534,1517,x-:8 x+:0 y-:26 y+:0 z-:242 z+:204 interior:1039
36,2026-09-25T13:38,fafd9bc+dirty,ahmed,python -m src.examples.ahmed 25 round wale,partial,"Regularized NEEM inlet+outlet: upstream hot 503->192, total 1384; upstream still full of lateral u rms ~0.2U with rho range 0.23 at i=1 -> trapped acoustic modes (du ~ cs*drho), not inlet-generated noise; closed-box acoustics, WALE does not damp",,H=32 phi=25 round,30000,696x120x117,9771840,0.50016,0.087,153120,69600,6.0,regularized,wale cw=0.5,log-law y+>30,staircase BB,NEEM-open inlet / pressure outlet / free-slip z / no-slip floor+ceiling,none,none,Cd,0.6603,0.0037,0.6636,0.6573,,,5161,7.19,164.65,0.1582,1261,1186.6,,,cuda,1.881,3.92,device,0.9085,1.138,1384,x-:0 x+:0 y-:78 y+:1 z-:305 z+:225 interior:775
37,2026-09-25T14:10,fafd9bc+dirty,ahmed,python -m src.examples.ahmed 25 round wale,partial,"Relaxation x-layers (W=24, sigma 0.1): rho 0.976-1.030 (was 0.91-1.14), Cd SE 0.002; inside layer clean (uy rms 3e-4) but beyond it uy rms ~0.01-0.02 and hot 976 concentrated on z walls (z-:247 z+:230) -> transverse modes between free-slip z walls not reached by x-layers",,H=32 phi=25 round,30000,696x120x117,9771840,0.50016,0.087,153120,69600,6.0,regularized,wale cw=0.5,log-law y+>30,staircase BB,NEEM-open inlet / pressure outlet / free-slip z / no-slip floor+ceiling,"relax x-layers width 24, sigma 0.1",none,Cd,0.6659,0.0019,0.6651,0.6667,,,3236,6.64,161.04,0.149,1266,1181.9,,,cuda,1.881,3.95,device,0.9759,1.0301,976,x-:0 x+:0 y-:47 y+:2 z-:247 z+:230 interior:450
38,2026-09-25T14:44,fafd9bc+dirty,ahmed,python -m src.examples.ahmed 25 round wale,bad,"Relaxation layers x 24 + z 12 (sigma 0.1): diverged, every fluid cell NaN at end (only solid cells finite); onset time/location not captured",,H=32 phi=25 round,30000,696x120x117,9771840,0.50016,0.087,153120,69600,6.0,regularized,wale cw=0.5,log-law y+>30,staircase BB,NEEM-open inlet / pressure outlet / free-slip z / no-slip floor+ceiling,"relax x 24 / z 12, sigma 0.1",none,Cd,nan,nan,nan,nan,,,0,,,nan,1500,997.5,,,cuda,1.881,3.93,device,,,0,x-:0 x+:0 y-:0 y+:0 z-:0 z+:0 interior:0 nonfinite:9459335
39,2026-09-25T14:48,fafd9bc+dirty,ahmed,python -m src.examples.ahmed 25 round wale,invalid,"NaN diagnostic of run 38 (x+z relax layers): max|u| tracks ramp to 0.077 at step 13000, jumps to 0.188 at 13500, NaN at 14000 over i 550-618, j 12-86, full span k; not the floor strip. Run 37 (x-only) identical otherwise and stable -> z-layer implicated",,H=32 phi=25 round,30000,696x120x117,9771840,0.50016,0.087,153120,69600,6.0,regularized,wale cw=0.5,log-law y+>30,staircase BB,NEEM-open inlet / pressure outlet / free-slip z / no-slip floor+ceiling,"relax x 24 / z 12, sigma 0.1",none,Cd,nan,nan,nan,nan,,,24484,,,54387769.1424,139,10764.5,,,cuda,1.881,3.92,device,-1.096214952822036e+38,1.7319956800460387e+38,1691941,x-:0 x+:0 y-:43202 y+:29266 z-:59175 z+:57536 interior:1509077 nonfinite:125800
40,2026-09-25T14:52,fafd9bc+dirty,ahmed,python -m src.examples.ahmed 25 round wale,invalid,"NaN locator (x+z relax layers): max|u| sits in the underbody gap under the nose (i~128, j~4, k~58) from step 6500; growth starts step 13000 at i125 j2 (floor, nose gap) as ramp ends, spreads up/sideways, NaN at 14000. Origin is the nose ground-clearance gap, not the z-layer region",,H=32 phi=25 round,30000,696x120x117,9771840,0.50016,0.087,153120,69600,6.0,regularized,wale cw=0.5,log-law y+>30,staircase BB,NEEM-open inlet / pressure outlet / free-slip z / no-slip floor+ceiling,"relax x 24 / z 12, sigma 0.1",none,Cd,nan,nan,nan,nan,,,24484,,,54387769.1424,139,10764.5,,,cuda,1.881,3.91,device,-1.096214952822036e+38,1.7319956800460387e+38,1691941,x-:0 x+:0 y-:43202 y+:29266 z-:59175 z+:57536 interior:1509077 nonfinite:125800
41,2026-09-25T14:57,fafd9bc+dirty,ahmed,python -m src.examples.ahmed 25 round wale,invalid,"NaN locator, x-layers only (z off), 15000 steps: no NaN but violent transient at ramp end, max|u| 0.19-0.45 (4-9 U) steps 12500-14000 anywhere in domain (ceiling, z walls, wake); survives and decays to ~0.16. z-layer is not the root cause: ramp-end transient is marginally stable at tau0=0.50016 with WALE nut~0",,H=32 phi=25 round,30000,696x120x117,9771840,0.50016,0.087,15000,69600,-3.9,regularized,wale cw=0.5,log-law y+>30,staircase BB,NEEM-open inlet / pressure outlet / free-slip z / no-slip floor+ceiling,"relax x 24 / z 0, sigma 0.1",none,Cd,nan,nan,nan,nan,,,1385,5.79,152.26,0.162,145,1010.9,,,cuda,1.881,3.93,device,0.9771,1.0184,1403,x-:0 x+:0 y-:107 y+:9 z-:131 z+:132 interior:1024
42,2026-09-25T15:03,fafd9bc+dirty,ahmed,python -m src.examples.ahmed 25 round wale,invalid,"Stability check, 15000 steps: WALE + smag floor cs=0.04, x+z relax layers (the run-38 setup that diverged). No NaN; ramp-end peak max|u| 0.21 at step 14300 (vs 0.45 x-only no floor), decays to ~0.145. Growth still starts in nose ground-clearance gap (i~130, j 3) at step ~13000",,H=32 phi=25 round,30000,696x120x117,9771840,0.50016,0.087,15000,69600,-3.9,regularized,wale cw=0.5 + smag floor cs=0.04,log-law y+>30,staircase BB,NEEM-open inlet / pressure outlet / free-slip z / no-slip floor+ceiling,"relax x 24 / z 12, sigma 0.1",none,Cd,nan,nan,nan,nan,,,1550,3.59,157.85,0.1426,166,883.0,,,cuda,1.881,3.9,device,0.9835,1.0117,968,x-:0 x+:0 y-:54 y+:0 z-:0 z+:0 interior:914
43,2026-09-25T15:30,fafd9bc+dirty,ahmed,python -m src.examples.ahmed 25 round wale,partial,"WALE + smag floor cs=0.04 + relax x24/z12 sigma 0.1: stable, rho 0.988-1.007, hot 232 (z walls 0, wake 0; all at nose/front roof i 122-203), Cd SE 0.0015. But Cd 0.780 vs 0.666 (run 37) - two changes confounded (floor + z-layers); upstream lateral u rms still ~0.013 at i=40",,H=32 phi=25 round,30000,696x120x117,9771840,0.50016,0.087,153120,69600,6.0,regularized,wale cw=0.5 + smag floor cs=0.04,log-law y+>30,staircase BB,NEEM-open inlet / pressure outlet / free-slip z / no-slip floor+ceiling,"relax x 24 / z 12, sigma 0.1",none,Cd,0.7804,0.0019,0.7798,0.781,,,1023,4.63,127.43,0.1325,1499,998.2,,,cuda,1.881,3.93,device,0.9877,1.0067,232,x-:0 x+:0 y-:19 y+:0 z-:0 z+:0 interior:213
44,2026-09-25T17:49,fafd9bc+dirty,ahmed,python -m src.examples.ahmed 25 round wale,partial,"A/B vs run 43: WALE + smag floor 0.04, x-layers only (z off). Cd 0.693 -> floor adds ~+0.027 over run 37 (0.666), z-layers add ~+0.087 (run 43 0.780). Stable through ramp. hot 487: x-:0 x+:0 y-:8 y+:0 z-:70 z+:73 interior:336",,H=32 phi=25 round,30000,696x120x117,9771840,0.50016,0.087,153120,69600,6.0,regularized,wale cw=0.5 + smag floor cs=0.04,log-law y+>30,staircase BB,NEEM-open inlet / pressure outlet / free-slip z / no-slip floor+ceiling,"relax x 24 / z 0, sigma 0.1",none,Cd,0.6933,0.0022,0.6923,0.6943,,,1188,5.59,136.23,0.1446,1313,1139.6,,,cuda,1.881,4.4,device,0.9835,1.0072,487,x-:0 x+:0 y-:8 y+:0 z-:70 z+:73 interior:336
45,2026-09-25T18:29,fafd9bc+dirty,ahmed,python -m src.examples.ahmed 25 round wale,bad,"z-layers relaxing to running mean (alpha 1/2000) from rest: mean flow in the z strips locked near-stalled (ux ~0.015-0.02 vs U 0.05 at i>=170) because u_bar starts at 0 and lags the ramp, and a mean-target layer has no restoring force; stalled strips act as extra blockage -> Cd 1.275, hot 3298 (none in layers). Fix: start mean-layer after the ramp with u_bar initialised from the current field",,H=32 phi=25 round,30000,696x120x117,9771840,0.50016,0.087,153120,69600,6.0,regularized,wale cw=0.5 + smag floor cs=0.04,log-law y+>30,staircase BB,NEEM-open inlet / pressure outlet / free-slip z / no-slip floor+ceiling,"relax x 24 (free stream) / z 12 (running mean, alpha 5.0e-04), sigma 0.1",none,Cd,1.275,0.0009,1.2757,1.2742,,,1557,6.17,151.77,0.1498,1663,899.7,,,cuda,2.038,4.68,device,0.9544,1.0458,3298,x-:0 x+:0 y-:19 y+:1 z-:0 z+:0 interior:3278
46,2026-09-25T18:58,fafd9bc+dirty,ahmed,python -m src.examples.ahmed 25 round wale,good,"WALE + smag floor cs=0.04 + relax x24 (free stream) + z12 (running mean, switched on at ramp end, u_bar from field). Cd 0.700 vs 0.693 floor-only (run 44): z-layer bias gone; hot 196 (x-:0 x+:0 y-:46 y+:0 z-:0 z+:0 interior:150); rho 0.983-1.009. Cost: 947 MLUPS vs ~1185 baseline",,H=32 phi=25 round,30000,696x120x117,9771840,0.50016,0.087,153120,69600,6.0,regularized,wale cw=0.5 + smag floor cs=0.04,log-law y+>30,staircase BB,NEEM-open inlet / pressure outlet / free-slip z / no-slip floor+ceiling,"relax x 24 (free stream) / z 12 (running mean from ramp end, alpha 5.0e-04), sigma 0.1",none,Cd,0.6997,0.0025,0.6978,0.7017,,,1061,4.65,146.84,0.1414,1580,947.0,,,cuda,2.038,5.32,device,0.9825,1.0088,196,x-:0 x+:0 y-:46 y+:0 z-:0 z+:0 interior:150
47,2026-09-25T19:41,c3b7c6c+dirty,ahmed,python -m src.examples.ahmed 25 round,good,"Fused layers in collide_reg (reference config): Cd 0.701 +/- 0.001 (run 46: 0.700), hot 174, rho 0.987-1.007; 1183 MLUPS / 1265 s vs 947 / 1580 s unfused (+25%), equal to the no-layer baseline",,H=32 phi=25 round,30000,696x120x117,9771840,0.50016,0.087,153120,69600,6.0,regularized,wale cw=0.5 + smag floor cs=0.04,log-law y+>30,staircase BB,NEEM-open inlet / pressure outlet / free-slip z / no-slip floor+ceiling,"relax x 24 (free stream) / z 12 (running mean from ramp end, alpha 5.0e-04), sigma 0.1",none,Cd,0.7011,0.0013,0.6987,0.7035,,,1007,4.62,172.24,0.1301,1265,1182.8,,,cuda,2.038,4.41,device,0.987,1.0067,174,x-:0 x+:0 y-:24 y+:0 z-:0 z+:0 interior:150
48,2026-09-25T20:55,6a9863d+dirty,ahmed,python -m src.examples.ahmed 25 round,good,"Regression check after SDF step 2 (per-node wall_y1, build_wall_list(phi=None) default path): Cd 0.7011, hot 174, rho, max|u| identical to run 47 -> default path bit-identical. 1142 vs 1183 MLUPS is run-to-run variance (one extra 4-byte read per wall node)",,H=32 phi=25 round,30000,696x120x117,9771840,0.50016,0.087,153120,69600,6.0,regularized,wale cw=0.5 + smag floor cs=0.04,log-law y+>30,staircase BB,NEEM-open inlet / pressure outlet / free-slip z / no-slip floor+ceiling,"relax x 24 (free stream) / z 12 (running mean from ramp end, alpha 5.0e-04), sigma 0.1",none,Cd,0.7011,0.0013,0.6987,0.7035,,,1007,4.62,172.24,0.1301,1311,1141.3,,,cuda,2.038,4.61,device,0.987,1.0067,174,x-:0 x+:0 y-:24 y+:0 z-:0 z+:0 interior:150
49,2026-09-26T21:21,7792166+dirty,sphere,python -m src.examples.sphere analytic,reference,"4.1 gate reference: analytic sphere mask + wall_fraction_sphere q, D=20, Re 50 (Re_eff 37). Cd 2.0027 | NOTE: equilibrium inlet delivered ~0.072 not 0.1 (fixed in run 52); the 49-vs-50 comparison stays valid (same BCs), absolute Cd does not",,"D=20, analytic",50,384x128x128,6291456,0.62,0.173,20000,,,TRT,none,,Bouzidi,"equilibrium inlet / zero-grad outlet / free-slip y,z",,none,Cd,2.0027,,,,1.8099,10.65,0,,,0.1,123,1023.0,Re_eff 37,,cuda,2.265,4.31,device,1.0,1.0895,0,x-:0 x+:0 y-:0 y+:0 z-:0 z+:0 interior:0
50,2026-09-26T21:24,7792166+dirty,sphere,python -m src.examples.sphere stl,good,"4.1 gate: icosphere subdiv 5 (20480 tris) -> write/read STL -> sdf_from_mesh mask + q_from_mesh exact q. 2 mask cells differ from analytic; Cd 2.0047 vs 2.0027 (+0.10%, gate 1%) -> pass | NOTE: equilibrium inlet delivered ~0.072 not 0.1 (fixed in run 52); the 49-vs-50 comparison stays valid (same BCs), absolute Cd does not",,"D=20, stl",50,384x128x128,6291456,0.62,0.173,20000,,,TRT,none,,Bouzidi,"equilibrium inlet / zero-grad outlet / free-slip y,z",,none,Cd,2.0047,,,,1.8098,10.77,0,,,0.1,123,1023.0,Re_eff 37,,cuda,2.265,4.85,device,1.0,1.0893,0,x-:0 x+:0 y-:0 y+:0 z-:0 z+:0 interior:0
51,2026-09-26T21:30,ea0e722+dirty,sphere,python -m src.examples.sphere analytic,bad,"Sphere with NEEM inlet + pressure outlet but started from rest: impulsive start trapped a domain-length acoustic mode (rho ~1.2 vs 1.0 at outlet, mass flux 0.094-0.120 along x); Cd 2.197 not steady",,"D=20, analytic",50,384x128x128,6291456,0.62,0.173,20000,,,TRT,none,,Bouzidi,"regularized NEEM inlet / pressure outlet / free-slip y,z",,none,Cd,2.1966,,,,1.5381,42.81,0,,,0.1177,123,1023.0,U_eff 0.1012,,cuda,2.265,4.3,device,1.0,1.2108,0,x-:0 x+:0 y-:0 y+:0 z-:0 z+:0 interior:0
52,2026-09-26T21:37,ea0e722+dirty,sphere,python -m src.examples.sphere analytic,reference,"Sphere fixed: regularized NEEM inlet + pressure outlet (was equilibrium inlet delivering 78% of U, rho drift 1.08), init at U, x relax layers 24/0.1. Drag drift 0.00% over last 5000 steps; Cd 1.623 vs Schiller-Naumann 1.54 at Re 50 (+5.3%, D=20, 1.9% blockage)",,"D=20, analytic",50,384x128x128,6291456,0.62,0.173,20000,,,TRT,none,,Bouzidi,"regularized NEEM inlet / pressure outlet / free-slip y,z",,none,Cd,1.6228,,,,1.5381,5.51,0,,,0.1103,127,990.8,U_eff 0.1022 drift -0.00%,,cuda,2.265,4.27,device,0.9907,1.0181,0,x-:0 x+:0 y-:0 y+:0 z-:0 z+:0 interior:0
53,2026-09-26T21:40,ea0e722+dirty,sphere,python -m src.examples.sphere stl,good,"4.1 gate on corrected sphere setup: icosphere STL (20480 tris) -> SDF mask + exact mesh q. Cd 1.6233 vs analytic 1.6228 (run 52): +0.03%, gate 1%; 2 mask cells differ; drag drift 0.00%",,"D=20, stl",50,384x128x128,6291456,0.62,0.173,20000,,,TRT,none,,Bouzidi,"regularized NEEM inlet / pressure outlet / free-slip y,z",,none,Cd,1.6233,,,,1.5381,5.54,0,,,0.1104,126,998.6,U_eff 0.1022 drift -0.00%,,cuda,2.265,4.77,device,0.9911,1.0177,0,x-:0 x+:0 y-:0 y+:0 z-:0 z+:0 interior:0
54,2026-09-28T19:42,24bbe0d+dirty,ahmed,python -m src.examples.ahmed 25 round wale moving,bad,"First moving-ground run (uw floor = U, Ladd correction). Two defects: (1) correction also applied to wall-internal links, so in-plane floor populations accumulate without bound along the x-periodic floor row (progress max|u| 1.2e3 at solid nodes; fluid unaffected); (2) wall model used absolute velocity, so the moving floor looked like a sheared static wall: 79244 wall-engaged nodes vs 1007, contaminating nut near the floor. Cd 0.6858 not usable. Floor u at j=1 ahead of nose 0.95U vs 0.50U static",,H=32 phi=25 round,30000,696x120x117,9771840,0.50016,0.087,153120,69600,6.0,regularized,wale cw=0.5 + smag floor cs=0.04,log-law y+>30,staircase BB,NEEM-open inlet / pressure outlet / free-slip z / no-slip floor+ceiling / moving floor,"relax x 24 (free stream) / z 12 (running mean from ramp end, alpha 5.0e-04), sigma 0.1",none,Cd,0.6858,0.0019,0.6853,0.6864,,,79244,4.54,123.6,0.1401,1262,1185.6,,,cuda,2.156,5.32,device,0.9838,1.0076,210,x-:0 x+:0 y-:41 y+:0 z-:0 z+:0 interior:169
55,2026-09-28T20:19,24bbe0d+dirty,ahmed,python -m src.examples.ahmed 25 round wale moving,good,"4.2 moving ground gate: floor uw=U, Ladd correction on fluid-bound links only, wall model on u-u_w. Mean mid-span u/U at j=1 (i=60): 0.995 moving vs 0.419 static; j=1-6 within 2% of free stream. Underbody (i=170, j=1) 1.09 vs 0.30. Wall-engaged 945 (floor no longer engaged). Cd 0.6848 vs 0.7011 static (-2.3%)",,H=32 phi=25 round,30000,696x120x117,9771840,0.50016,0.087,153120,69600,6.0,regularized,wale cw=0.5 + smag floor cs=0.04,log-law y+>30,staircase BB,NEEM-open inlet / pressure outlet / free-slip z / no-slip floor+ceiling / moving floor,"relax x 24 (free stream) / z 12 (running mean from ramp end, alpha 5.0e-04), sigma 0.1",none,Cd,0.6848,0.0012,0.682,0.6877,,,945,4.53,131.24,0.124,1257,1190.3,,,cuda,2.158,5.25,device,0.973,1.0262,187,x-:0 x+:0 y-:15 y+:0 z-:0 z+:0 interior:172
56,2026-09-28T21:32,4b3cc0d+dirty,cylinder,python -m src.examples.cylinder 0,reference,"Cylinder Re 100 after BC fix (NEEM inlet + pressure outlet, init at U, x relax layers), alpha 0: Cd 1.378 (ref 1.3-1.4), St 0.165",,D=45,100,1800x600x4,4320000,0.635,0.173,60000,30000,,BGK,none,,Bouzidi,NEEM inlet / zero-grad outlet / free-slip y / periodic z, alpha 0.0e+00),none,Cd,1.3782,,,,1.4,-1.56,0,,,0.1371,252,1028.6,St 0.165; U_eff 0.1055,,cuda,1.607,4.77,device,0.9764,1.017,0,x-:0 x+:0 y-:0 y+:0 z-:0 z+:0 interior:0
57,2026-09-28T21:37,4b3cc0d+dirty,cylinder,python -m src.examples.cylinder 1,superseded,alpha 1 run without lift output; rerun as 58,58,D=45,100,1800x600x4,4320000,0.635,0.173,60000,30000,,BGK,none,,Bouzidi,NEEM inlet / zero-grad outlet / free-slip y / periodic z, alpha 1.0e+00),none,Cd,1.1662,,,,1.4,-16.7,0,,,0.1923,252,1028.6,St 0.165; U_eff 0.1082,,cuda,1.607,4.73,device,0.9426,1.016,0,x-:0 x+:0 y-:0 y+:0 z-:0 z+:0 interior:0
58,2026-09-28T21:44,4b3cc0d+dirty,cylinder,python -m src.examples.cylinder 1,good,"4.2 wheel gate: rotating cylinder alpha=1 (Bouzidi moving wall, uw rigid rotation on both sides of wall): Cl -2.653 (Magnus sign correct for CCW; lit ~2.5 at Re 100, +6% with 7.5% blockage), Cd 1.166 (lit ~1.1), St 0.165",,"D=45, alpha=1.0",100,1800x600x4,4320000,0.635,0.173,60000,30000,,BGK,none,,Bouzidi,NEEM inlet / pressure outlet / free-slip y / periodic z,"relax x 24, sigma 0.1",none,Cd,1.1662,,,,1.4,-16.7,0,,,0.1923,256,1012.5,Cl -2.653; St 0.165; U_eff 0.1082,,cuda,1.607,4.74,device,0.9426,1.016,0,x-:0 x+:0 y-:0 y+:0 z-:0 z+:0 interior:0
59,2026-09-28T22:29,9038027+dirty,ahmed,python -m src.examples.ahmed 25 round,good,"Regression after bug-hunt fixes (static ground): Cd 0.7047 +/- 0.0028 vs run 47 0.7011 +/- 0.0013 (+0.5%, ~1.2 combined SE; WALE sqrt forms change rounding), hot 306",,H=32 phi=25 round,30000,696x120x117,9771840,0.50016,0.087,153120,69600,6.0,regularized,wale cw=0.5 + smag floor cs=0.04,log-law y+>30,staircase BB,NEEM-open inlet / pressure outlet / free-slip z / no-slip floor+ceiling / static floor,"relax x 24 (free stream) / z 12 (running mean from ramp end, alpha 5.0e-04), sigma 0.1",none,Cd,0.7047,0.0028,0.7001,0.7092,,,1152,4.65,129.48,0.1476,1305,1146.6,,,cuda,2.119,5.19,device,0.9831,1.0077,306,x-:0 x+:0 y-:57 y+:0 z-:0 z+:0 interior:249
60,2026-09-28T22:31,9038027+dirty,sphere,python -m src.examples.sphere analytic,reference,"Regression after fixes (boundary-link list, drag only when read): Cd 1.6228 identical to run 52; 1205 vs 994 MLUPS (+21%)",,"D=20, analytic",50,384x128x128,6291456,0.62,0.173,20000,,,TRT,none,,Bouzidi,"regularized NEEM inlet / pressure outlet / free-slip y,z",,none,Cd,1.6228,,,,1.5381,5.51,0,,,0.1103,104,1209.9,U_eff 0.1022 drift -0.01%,,cuda,2.316,5.41,device,0.9907,1.0181,0,x-:0 x+:0 y-:0 y+:0 z-:0 z+:0 interior:0
61,2026-09-28T22:35,9038027+dirty,cylinder,python -m src.examples.cylinder 1,good,"Regression after fixes incl. Galilean drag term: Cl -2.652 vs -2.653, Cd 1.164 vs 1.166 (run 58); 1195 vs 1013 MLUPS (+18%)",,"D=45, alpha=1.0",100,1800x600x4,4320000,0.635,0.173,60000,30000,,BGK,none,,Bouzidi,NEEM inlet / pressure outlet / free-slip y / periodic z,"relax x 24, sigma 0.1",none,Cd,1.1644,,,,1.4,-16.83,0,,,0.1923,217,1194.5,Cl -2.652; St 0.165; U_eff 0.1082,,cuda,1.59,4.71,device,0.9426,1.016,0,x-:0 x+:0 y-:0 y+:0 z-:0 z+:0 interior:0
62,2026-09-28T22:36,9038027+dirty,step,python -m src.examples.step,good,"Step re-baseline after BC fix (ramped NEEM inlet + pressure outlet, was start-at-rest + zero-gradient outlet): x_r/S 2.82 vs ~2.5 before, Armaly ~3.0; U_mean 0.1016",,S=30 ER~1.94,100,840x63x4,211680,0.686,0.173,60000,,,TRT,none,,staircase BB,NEEM-open inlet (ramped) / pressure outlet / no-slip walls / periodic z,,none,x_r/S,2.819,,,,3.0,-6.03,0,,,0.1471,63,201.6,Armaly Re 102; U_mean 0.1016,,cuda,0.046,3.27,device,1.0,1.0673,0,x-:0 x+:0 y-:0 y+:0 z-:0 z+:0 interior:0
63,2026-09-28T22:59,9038027+dirty,ahmed,python -m src.examples.ahmed 25 round wale moving,good,"Moving ground after B1 (WALE sees wall velocity): Cd 0.6873 vs 0.6848 run 55 (within SE), wall-engaged 919",,H=32 phi=25 round,30000,696x120x117,9771840,0.50016,0.087,153120,69600,6.0,regularized,wale cw=0.5 + smag floor cs=0.04,log-law y+>30,staircase BB,NEEM-open inlet / pressure outlet / free-slip z / no-slip floor+ceiling / moving floor,"relax x 24 (free stream) / z 12 (running mean from ramp end, alpha 5.0e-04), sigma 0.1",none,Cd,0.6873,0.0026,0.6857,0.6889,,,919,4.51,143.07,0.1558,1309,1143.1,,,cuda,2.119,5.19,device,0.9788,1.02,169,x-:0 x+:0 y-:35 y+:0 z-:0 z+:0 interior:134
64,2026-09-28T23:52,1ac52a4+dirty,sphere,python -m src.examples.sphere analytic,reference,"Cleanup step 6 regression (simulation3d renames only): Cd 1.6228 identical to run 60, hot 0; 1176 MLUPS (run 60 1210, within run-to-run noise)",,"D=20, analytic",50,384x128x128,6291456,0.62,0.173,20000,,,TRT,none,,Bouzidi,"regularized NEEM inlet / pressure outlet / free-slip y,z",,none,Cd,1.6228,,,,1.5381,5.51,0,,,0.1103,107,1176.0,U_eff 0.1022 drift -0.01%,,cuda,2.316,5.37,device,0.9907,1.0181,0,x-:0 x+:0 y-:0 y+:0 z-:0 z+:0 interior:0
65,2026-09-29T00:14,1ac52a4+dirty,ahmed,python -m src.examples.ahmed 25 round,reference,Cleanup step 6 regression (simulation3d renames only): Cd 0.7047 SE 0.0028 and hot 306 identical to run 59; 1140 MLUPS vs 1147,,H=32 phi=25 round,30000,696x120x117,9771840,0.50016,0.087,153120,69600,6.0,regularized,wale cw=0.5 + smag floor cs=0.04,log-law y+>30,staircase BB,NEEM-open inlet / pressure outlet / free-slip z / no-slip floor+ceiling / static floor,"relax x 24 (free stream) / z 12 (running mean from ramp end, alpha 5.0e-04), sigma 0.1",none,Cd,0.7047,0.0028,0.7001,0.7092,,,1152,4.65,129.48,0.1476,1312,1140.4,"slant attached 0.09; slant u_t/U first 4 cols [0.416, 0.429, 0.018, 0.046]",,cuda,2.119,5.17,device,0.9831,1.0077,306,x-:0 x+:0 y-:57 y+:0 z-:0 z+:0 interior:249
66,2026-09-29T08:55,d74be1b+dirty,sphere,python -m src.examples.sphere analytic,reference,Cleanup step 7 regression (examples renamed): Cd 1.6228 identical to runs 60/64,,"D=20, analytic",50,384x128x128,6291456,0.62,0.173,20000,,,TRT,none,,Bouzidi,"regularized NEEM inlet / pressure outlet / free-slip y,z",,none,Cd,1.6228,,,,1.5381,5.51,0,,,0.1103,106,1187.1,U_eff 0.1022 drift -0.01%,,cuda,2.316,5.35,device,0.9907,1.0181,0,x-:0 x+:0 y-:0 y+:0 z-:0 z+:0 interior:0
67,2026-09-29T08:56,d74be1b+dirty,step,python -m src.examples.step,reference,Cleanup step 7 regression: x_r/S 2.819 identical to run 62,,S=30 ER~1.94,100,840x63x4,211680,0.686,0.173,60000,,,TRT,none,,staircase BB,NEEM-open inlet (ramped) / pressure outlet / no-slip walls / periodic z,,none,x_r/S,2.819,,,,3.0,-6.03,0,,,0.1471,63,201.6,Armaly Re 102; U_mean 0.1016,,cuda,0.046,3.23,device,1.0,1.0673,0,x-:0 x+:0 y-:0 y+:0 z-:0 z+:0 interior:0
68,2026-09-29T09:00,d74be1b+dirty,cylinder,python -m src.examples.cylinder 1,reference,"Cleanup step 7 regression: Cd 1.1644, Cl -2.652, St 0.165 identical to run 61",,"D=45, alpha=1.0",100,1800x600x4,4320000,0.635,0.173,60000,30000,,BGK,none,,Bouzidi,NEEM inlet / pressure outlet / free-slip y / periodic z,"relax x 24, sigma 0.1",none,Cd,1.1644,,,,1.4,-16.83,0,,,0.1923,221,1172.9,Cl -2.652; St 0.165; U_eff 0.1082,,cuda,1.59,4.68,device,0.9426,1.016,0,x-:0 x+:0 y-:0 y+:0 z-:0 z+:0 interior:0
69,2026-09-29T09:23,d74be1b+dirty,ahmed,python -m src.examples.ahmed 25 round,reference,"Cleanup step 7 regression: Cd 0.7047 SE 0.0028, hot 306 identical to runs 59/65; baseline for the step 8 performance pass (1137 MLUPS)",,H=32 phi=25 round,30000,696x120x117,9771840,0.50016,0.087,153120,69600,6.0,regularized,wale cw=0.5 + smag floor cs=0.04,log-law y+>30,staircase BB,NEEM-open inlet / pressure outlet / free-slip z / no-slip floor+ceiling / static floor,"relax x 24 (free stream) / z 12 (running mean from ramp end, alpha 5.0e-04), sigma 0.1",none,Cd,0.7047,0.0028,0.7001,0.7092,,,1152,4.65,129.48,0.1476,1316,1137.0,"slant attached 0.09; slant u_t/U first 4 cols [0.416, 0.429, 0.018, 0.046]",,cuda,2.119,5.21,device,0.9831,1.0077,306,x-:0 x+:0 y-:57 y+:0 z-:0 z+:0 interior:249
70,2026-09-29T14:35,a380551+dirty,sphere,python -m src.examples.sphere stl,good,"Step 8 performance pass, STL path (q_from_mesh hoist, squared band test, q_from_sdf slices): Cd 1.6232 vs 1.6233 run 53 (-0.006%, run 53 predates the bug-hunt fixes); hot 0",,"D=20, stl",50,384x128x128,6291456,0.62,0.173,20000,,,TRT,none,,Bouzidi,"regularized NEEM inlet / pressure outlet / free-slip y,z",,none,Cd,1.6232,,,,1.5381,5.53,0,,,0.1104,106,1187.1,U_eff 0.1022 drift -0.01%,,cuda,2.316,5.84,device,0.9911,1.0177,0,x-:0 x+:0 y-:0 y+:0 z-:0 z+:0 interior:0
71,2026-09-29T14:39,a380551+dirty,cylinder,python -m src.examples.cylinder 1,reference,"Step 8 performance pass: Cd 1.1644, Cl -2.652, St 0.165 identical to runs 61/68; 1184 MLUPS",,"D=45, alpha=1.0",100,1800x600x4,4320000,0.635,0.173,60000,30000,,BGK,none,,Bouzidi,NEEM inlet / pressure outlet / free-slip y / periodic z,"relax x 24, sigma 0.1",none,Cd,1.1644,,,,1.4,-16.83,0,,,0.1923,219,1183.6,Cl -2.652; St 0.165; U_eff 0.1082,,cuda,1.59,4.63,device,0.9426,1.016,0,x-:0 x+:0 y-:0 y+:0 z-:0 z+:0 interior:0
72,2026-09-29T15:01,a380551+dirty,ahmed,python -m src.examples.ahmed 25 round,good,"Step 8 performance pass: Cd 0.6996 SE 0.0019 vs 0.7047 SE 0.0028 run 69 (-0.7%, ~1.5 combined SE); mask verified bit-identical, only kernel change is wall_utau (single log per Newton step) -> float32 rounding differs, chaotic wake decorrelates; hot 146 vs 306 (instantaneous final-step count); within the 0.687-0.705 spread of runs 46/59/63. New Ahmed baseline, 1150 MLUPS",,H=32 phi=25 round,30000,696x120x117,9771840,0.50016,0.087,153120,69600,6.0,regularized,wale cw=0.5 + smag floor cs=0.04,log-law y+>30,staircase BB,NEEM-open inlet / pressure outlet / free-slip z / no-slip floor+ceiling / static floor,"relax x 24 (free stream) / z 12 (running mean from ramp end, alpha 5.0e-04), sigma 0.1",none,Cd,0.6996,0.0019,0.7001,0.6991,,,974,4.6,124.28,0.1615,1301,1150.1,"slant attached 0.09; slant u_t/U first 4 cols [0.4, 0.41, 0.015, 0.036]",,cuda,2.119,5.21,device,0.9845,1.0066,146,x-:0 x+:0 y-:0 y+:0 z-:0 z+:0 interior:146
73,2026-09-29T20:01,838984a+dirty,ahmed,python -m src.examples.ahmed 25 round,reference,"4.3 per-part forces regression (0/1 body mask = single part 1): Cd 0.6996 SE 0.0019, hot 146 identical to run 72; 1123 MLUPS vs 1150 (-2.4%, within run-to-run spread; drag_body runs every 25 steps only)",,H=32 phi=25 round,30000,696x120x117,9771840,0.50016,0.087,153120,69600,6.0,regularized,wale cw=0.5 + smag floor cs=0.04,log-law y+>30,staircase BB,NEEM-open inlet / pressure outlet / free-slip z / no-slip floor+ceiling / static floor,"relax x 24 (free stream) / z 12 (running mean from ramp end, alpha 5.0e-04), sigma 0.1",none,Cd,0.6996,0.0019,0.7001,0.6991,,,974,4.6,124.28,0.1615,1333,1122.5,"slant attached 0.09; slant u_t/U first 4 cols [0.4, 0.41, 0.015, 0.036]",,cuda,2.119,4.1,device,0.9845,1.0066,146,x-:0 x+:0 y-:0 y+:0 z-:0 z+:0 interior:146
74,2026-09-29T20:42,9ae3d52,wing_ground,python -m src.examples.wing_ground 0.3 4,good,"4.4 step B smoke test: inverted NACA 4412, 4 deg, h/c 0.3, Re_c 5000, quasi-2D. Stable (max|u| 1.4U, rho 0.997-1.007, hot 0), -CL 0.337 SE 0.0004, drift 0.3%, CD 0.114. Accelerated flow under the wing, 2D von Karman wake. Magnitude low vs inviscid (~0.9): low Re + 80-cell chord; judge against the sweep's own free-stream case. 694 MLUPS (WALE + macroscopic every step)",,"NACA 4412 inverted, c=80, h/c=0.3, alpha=4",5000,800x400x4,1280000,0.5024,0.087,160000,64000,6.0,regularized,wale cw=0.5 + smag floor cs=0.04,off,Bouzidi wing / staircase floor+ceiling,NEEM-open inlet (ramped) / pressure outlet / moving floor + ceiling at U / periodic z,"relax x 24, sigma 0.1",none,-CL,0.3368,0.0004,0.3373,0.3362,,,0,0.0,3.01,0.0711,295,694.2,CD 0.1144 +/- 0.0000,,cuda,0.471,2.38,device,0.9966,1.007,0,x-:0 x+:0 y-:0 y+:0 z-:0 z+:0 interior:0
75,2026-09-29T20:50,5bf0a43,wing_ground,python -m src.examples.wing_ground 1.5 4,good,"4.4 step C ride-height sweep (Re_c 5000, 4 deg, quasi-2D): -CL 0.3089 = +0.0% vs h/c 1.5 (run 75); stable, drift < 0.5%, hot 0. Sweep: enhancement to a peak at h/c 0.2-0.3 (+9%), force reduction below (-39% at 0.075); qualitative ground-effect trend reproduced, peak at larger h/c and weaker enhancement than high-Re experiments (low Re / thick boundary layers, to be tested in the envelope study)",,"NACA 4412 inverted, c=80, h/c=1.5, alpha=4",5000,800x400x4,1280000,0.5024,0.087,160000,64000,6.0,regularized,wale cw=0.5 + smag floor cs=0.04,off,Bouzidi wing / staircase floor+ceiling,NEEM-open inlet (ramped) / pressure outlet / moving floor + ceiling at U / periodic z,"relax x 24, sigma 0.1",none,-CL,0.3089,0.0003,0.3089,0.3088,,,0,0.0,2.34,0.0672,291,703.8,CD 0.0944 +/- 0.0000,,cuda,0.471,2.43,device,0.9972,1.0069,0,x-:0 x+:0 y-:0 y+:0 z-:0 z+:0 interior:0
76,2026-09-29T20:56,5bf0a43+dirty,wing_ground,python -m src.examples.wing_ground 1 4,good,"4.4 step C ride-height sweep (Re_c 5000, 4 deg, quasi-2D): -CL 0.3114 = +0.8% vs h/c 1.5 (run 75); stable, drift < 0.5%, hot 0. Sweep: enhancement to a peak at h/c 0.2-0.3 (+9%), force reduction below (-39% at 0.075); qualitative ground-effect trend reproduced, peak at larger h/c and weaker enhancement than high-Re experiments (low Re / thick boundary layers, to be tested in the envelope study)",,"NACA 4412 inverted, c=80, h/c=1, alpha=4",5000,800x400x4,1280000,0.5024,0.087,160000,64000,6.0,regularized,wale cw=0.5 + smag floor cs=0.04,off,Bouzidi wing / staircase floor+ceiling,NEEM-open inlet (ramped) / pressure outlet / moving floor + ceiling at U / periodic z,"relax x 24, sigma 0.1",none,-CL,0.3114,0.0003,0.3116,0.3111,,,0,0.0,2.12,0.0676,285,718.6,CD 0.0964 +/- 0.0000,,cuda,0.471,2.39,device,0.9972,1.0069,0,x-:0 x+:0 y-:0 y+:0 z-:0 z+:0 interior:0
77,2026-09-29T21:01,5bf0a43+dirty,wing_ground,python -m src.examples.wing_ground 0.6 4,good,"4.4 step C ride-height sweep (Re_c 5000, 4 deg, quasi-2D): -CL 0.3200 = +3.6% vs h/c 1.5 (run 75); stable, drift < 0.5%, hot 0. Sweep: enhancement to a peak at h/c 0.2-0.3 (+9%), force reduction below (-39% at 0.075); qualitative ground-effect trend reproduced, peak at larger h/c and weaker enhancement than high-Re experiments (low Re / thick boundary layers, to be tested in the envelope study)",,"NACA 4412 inverted, c=80, h/c=0.6, alpha=4",5000,800x400x4,1280000,0.5024,0.087,160000,64000,6.0,regularized,wale cw=0.5 + smag floor cs=0.04,off,Bouzidi wing / staircase floor+ceiling,NEEM-open inlet (ramped) / pressure outlet / moving floor + ceiling at U / periodic z,"relax x 24, sigma 0.1",none,-CL,0.32,0.0002,0.32,0.3201,,,0,0.0,1.63,0.0685,285,718.6,CD 0.1012 +/- 0.0000,,cuda,0.471,2.39,device,0.9969,1.0069,0,x-:0 x+:0 y-:0 y+:0 z-:0 z+:0 interior:0
78,2026-09-29T21:07,5bf0a43+dirty,wing_ground,python -m src.examples.wing_ground 0.4 4,good,"4.4 step C ride-height sweep (Re_c 5000, 4 deg, quasi-2D): -CL 0.3310 = +7.2% vs h/c 1.5 (run 75); stable, drift < 0.5%, hot 0. Sweep: enhancement to a peak at h/c 0.2-0.3 (+9%), force reduction below (-39% at 0.075); qualitative ground-effect trend reproduced, peak at larger h/c and weaker enhancement than high-Re experiments (low Re / thick boundary layers, to be tested in the envelope study)",,"NACA 4412 inverted, c=80, h/c=0.4, alpha=4",5000,800x400x4,1280000,0.5024,0.087,160000,64000,6.0,regularized,wale cw=0.5 + smag floor cs=0.04,off,Bouzidi wing / staircase floor+ceiling,NEEM-open inlet (ramped) / pressure outlet / moving floor + ceiling at U / periodic z,"relax x 24, sigma 0.1",none,-CL,0.331,0.0004,0.3309,0.331,,,0,0.0,1.67,0.0698,301,680.4,CD 0.1080 +/- 0.0000,,cuda,0.471,2.56,device,0.9967,1.007,0,x-:0 x+:0 y-:0 y+:0 z-:0 z+:0 interior:0
79,2026-09-29T21:12,5bf0a43+dirty,wing_ground,python -m src.examples.wing_ground 0.2 4,good,"4.4 step C ride-height sweep (Re_c 5000, 4 deg, quasi-2D): -CL 0.3350 = +8.4% vs h/c 1.5 (run 75); stable, drift < 0.5%, hot 0. Sweep: enhancement to a peak at h/c 0.2-0.3 (+9%), force reduction below (-39% at 0.075); qualitative ground-effect trend reproduced, peak at larger h/c and weaker enhancement than high-Re experiments (low Re / thick boundary layers, to be tested in the envelope study)",,"NACA 4412 inverted, c=80, h/c=0.2, alpha=4",5000,800x400x4,1280000,0.5024,0.087,160000,64000,6.0,regularized,wale cw=0.5 + smag floor cs=0.04,off,Bouzidi wing / staircase floor+ceiling,NEEM-open inlet (ramped) / pressure outlet / moving floor + ceiling at U / periodic z,"relax x 24, sigma 0.1",none,-CL,0.335,0.0003,0.3352,0.3349,,,0,0.0,2.24,0.0726,290,706.2,CD 0.1253 +/- 0.0000,,cuda,0.471,2.48,device,0.9962,1.0065,0,x-:0 x+:0 y-:0 y+:0 z-:0 z+:0 interior:0
80,2026-09-29T21:18,5bf0a43+dirty,wing_ground,python -m src.examples.wing_ground 0.15 4,good,"4.4 step C ride-height sweep (Re_c 5000, 4 deg, quasi-2D): -CL 0.3154 = +2.1% vs h/c 1.5 (run 75); stable, drift < 0.5%, hot 0. Sweep: enhancement to a peak at h/c 0.2-0.3 (+9%), force reduction below (-39% at 0.075); qualitative ground-effect trend reproduced, peak at larger h/c and weaker enhancement than high-Re experiments (low Re / thick boundary layers, to be tested in the envelope study)",,"NACA 4412 inverted, c=80, h/c=0.15, alpha=4",5000,800x400x4,1280000,0.5024,0.087,160000,64000,6.0,regularized,wale cw=0.5 + smag floor cs=0.04,off,Bouzidi wing / staircase floor+ceiling,NEEM-open inlet (ramped) / pressure outlet / moving floor + ceiling at U / periodic z,"relax x 24, sigma 0.1",none,-CL,0.3154,0.0006,0.3152,0.3155,,,0,0.0,3.25,0.0734,299,684.9,CD 0.1329 +/- 0.0000,,cuda,0.471,2.52,device,0.9953,1.0061,0,x-:0 x+:0 y-:0 y+:0 z-:0 z+:0 interior:0
81,2026-09-29T21:24,5bf0a43+dirty,wing_ground,python -m src.examples.wing_ground 0.1 4,good,"4.4 step C ride-height sweep (Re_c 5000, 4 deg, quasi-2D): -CL 0.2553 = -17.4% vs h/c 1.5 (run 75); stable, drift < 0.5%, hot 0. Sweep: enhancement to a peak at h/c 0.2-0.3 (+9%), force reduction below (-39% at 0.075); qualitative ground-effect trend reproduced, peak at larger h/c and weaker enhancement than high-Re experiments (low Re / thick boundary layers, to be tested in the envelope study)",,"NACA 4412 inverted, c=80, h/c=0.1, alpha=4",5000,800x400x4,1280000,0.5024,0.087,160000,64000,6.0,regularized,wale cw=0.5 + smag floor cs=0.04,off,Bouzidi wing / staircase floor+ceiling,NEEM-open inlet (ramped) / pressure outlet / moving floor + ceiling at U / periodic z,"relax x 24, sigma 0.1",none,-CL,0.2553,0.001,0.2553,0.2552,,,0,0.0,2.88,0.0751,299,684.9,CD 0.1409 +/- 0.0001,,cuda,0.471,2.51,device,0.9957,1.0055,0,x-:0 x+:0 y-:0 y+:0 z-:0 z+:0 interior:0
82,2026-09-29T21:29,5bf0a43+dirty,wing_ground,python -m src.examples.wing_ground 0.075 4,good,"4.4 step C ride-height sweep (Re_c 5000, 4 deg, quasi-2D): -CL 0.1880 = -39.1% vs h/c 1.5 (run 75); stable, drift < 0.5%, hot 0. Sweep: enhancement to a peak at h/c 0.2-0.3 (+9%), force reduction below (-39% at 0.075); qualitative ground-effect trend reproduced, peak at larger h/c and weaker enhancement than high-Re experiments (low Re / thick boundary layers, to be tested in the envelope study)",,"NACA 4412 inverted, c=80, h/c=0.075, alpha=4",5000,800x400x4,1280000,0.5024,0.087,160000,64000,6.0,regularized,wale cw=0.5 + smag floor cs=0.04,off,Bouzidi wing / staircase floor+ceiling,NEEM-open inlet (ramped) / pressure outlet / moving floor + ceiling at U / periodic z,"relax x 24, sigma 0.1",none,-CL,0.188,0.0009,0.1887,0.1873,,,0,0.0,3.54,0.079,295,694.2,CD 0.1450 +/- 0.0001,,cuda,0.471,2.5,device,0.9953,1.0049,0,x-:0 x+:0 y-:0 y+:0 z-:0 z+:0 interior:0
83,2026-09-29T22:09,6d7fecd,shear_wave,python -m src.examples.shear_wave bgk 0.6,superseded,"E2 check run, duplicated by run 84 in the sweep",,"4x32x4 periodic, k=2pi/32, noise 1",,4x32x4,512,0.6,0.087,778,,,bgk,none,,none,fully periodic,,none,nu error %,0.315,,,,0.0,,0,,,0.0183,1,0.4,nu 3.3438e-02 vs 3.3333e-02; A/A0 0.366; residual 4.94e-06->4.62e-07 stable,,cuda,0.0,2.17,device,1.0,1.0,0,x-:0 x+:0 y-:0 y+:0 z-:0 z+:0 interior:0
84,2026-09-29T22:10,6d7fecd+dirty,shear_wave,python -m src.examples.shear_wave bgk 0.6,reference,"E2 bgk tau 0.6: nu error 0.315%, residual decayed (stable); inside the usable window",,"4x32x4 periodic, k=2pi/32, noise 1",,4x32x4,512,0.6,0.087,778,,,bgk,none,,none,fully periodic,,none,nu error %,0.315,,,,0.0,,0,,,0.0183,1,0.4,nu 3.3438e-02 vs 3.3333e-02; A/A0 0.366; residual 4.94e-06->4.62e-07 stable,,cuda,0.0,2.14,device,1.0,1.0,0,x-:0 x+:0 y-:0 y+:0 z-:0 z+:0 interior:0
85,2026-09-29T22:10,6d7fecd+dirty,shear_wave,python -m src.examples.shear_wave bgk 0.55,reference,"E2 bgk tau 0.55: nu error 0.327%, residual decayed (stable); inside the usable window",,"4x32x4 periodic, k=2pi/32, noise 1",,4x32x4,512,0.55,0.087,1556,,,bgk,none,,none,fully periodic,,none,nu error %,0.327,,,,0.0,,0,,,0.0183,1,0.8,nu 1.6721e-02 vs 1.6667e-02; A/A0 0.366; residual 4.94e-06->7.04e-07 stable,,cuda,0.0,2.14,device,1.0,1.0,0,x-:0 x+:0 y-:0 y+:0 z-:0 z+:0 interior:0
86,2026-09-29T22:10,6d7fecd+dirty,shear_wave,python -m src.examples.shear_wave bgk 0.52,reference,"E2 bgk tau 0.52: nu error 0.343%, residual decayed (stable); inside the usable window",,"4x32x4 periodic, k=2pi/32, noise 1",,4x32x4,512,0.52,0.087,3891,,,bgk,none,,none,fully periodic,,none,nu error %,0.343,,,,0.0,,0,,,0.0183,3,0.7,nu 6.6896e-03 vs 6.6667e-03; A/A0 0.367; residual 4.94e-06->9.82e-07 stable,,cuda,0.0,2.13,device,1.0001,1.0001,0,x-:0 x+:0 y-:0 y+:0 z-:0 z+:0 interior:0
87,2026-09-29T22:10,6d7fecd+dirty,shear_wave,python -m src.examples.shear_wave bgk 0.51,reference,"E2 bgk tau 0.51: nu error 0.373%, residual decayed (stable); inside the usable window",,"4x32x4 periodic, k=2pi/32, noise 1",,4x32x4,512,0.51,0.087,7781,,,bgk,none,,none,fully periodic,,none,nu error %,0.373,,,,0.0,,0,,,0.0183,4,1.0,nu 3.3458e-03 vs 3.3333e-03; A/A0 0.367; residual 4.94e-06->8.93e-07 stable,,cuda,0.0,2.13,device,1.0002,1.0002,0,x-:0 x+:0 y-:0 y+:0 z-:0 z+:0 interior:0
88,2026-09-29T22:10,6d7fecd+dirty,shear_wave,python -m src.examples.shear_wave bgk 0.505,reference,"E2 bgk tau 0.505: nu error 0.418%, residual decayed (stable); inside the usable window",,"4x32x4 periodic, k=2pi/32, noise 1",,4x32x4,512,0.505,0.087,15563,,,bgk,none,,none,fully periodic,,none,nu error %,0.418,,,,0.0,,0,,,0.0183,8,1.0,nu 1.6736e-03 vs 1.6667e-03; A/A0 0.365; residual 4.94e-06->2.94e-06 stable,,cuda,0.0,2.13,device,1.0005,1.0005,0,x-:0 x+:0 y-:0 y+:0 z-:0 z+:0 interior:0
89,2026-09-29T22:11,6d7fecd+dirty,shear_wave,python -m src.examples.shear_wave bgk 0.502,bad,"E2 bgk tau 0.502: nu error 0.511% but non-wave residual grew over one decay time -> unstable ghost modes, outside the usable window",,"4x32x4 periodic, k=2pi/32, noise 1",,4x32x4,512,0.502,0.087,38907,,,bgk,none,,none,fully periodic,,none,nu error %,0.511,,,,0.0,,0,,,0.0182,20,1.0,nu 6.7008e-04 vs 6.6667e-04; A/A0 0.366; residual 4.94e-06->2.51e-05 growing,,cuda,0.0,2.14,device,1.0011,1.0011,0,x-:0 x+:0 y-:0 y+:0 z-:0 z+:0 interior:0
90,2026-09-29T22:11,6d7fecd+dirty,shear_wave,python -m src.examples.shear_wave bgk 0.501,bad,"E2 bgk tau 0.501: nu error 0.568% but non-wave residual grew over one decay time -> unstable ghost modes, outside the usable window",,"4x32x4 periodic, k=2pi/32, noise 1",,4x32x4,512,0.501,0.087,77815,,,bgk,none,,none,fully periodic,,none,nu error %,0.568,,,,0.0,,0,,,0.0182,40,1.0,nu 3.3523e-04 vs 3.3333e-04; A/A0 0.365; residual 4.94e-06->7.33e-05 growing,,cuda,0.0,2.13,device,1.0022,1.0023,0,x-:0 x+:0 y-:0 y+:0 z-:0 z+:0 interior:0
91,2026-09-29T22:13,6d7fecd+dirty,shear_wave,python -m src.examples.shear_wave bgk 0.5005,bad,"E2 bgk tau 0.5005: nu error 0.795% but non-wave residual grew over one decay time -> unstable ghost modes, outside the usable window",,"4x32x4 periodic, k=2pi/32, noise 1",,4x32x4,512,0.5005,0.087,155629,,,bgk,none,,none,fully periodic,,none,nu error %,0.795,,,,0.0,,0,,,0.0182,81,1.0,nu 1.6799e-04 vs 1.6667e-04; A/A0 0.364; residual 4.94e-06->2.68e-05 growing,,cuda,0.0,2.19,device,1.0045,1.0045,0,x-:0 x+:0 y-:0 y+:0 z-:0 z+:0 interior:0
92,2026-09-29T22:13,6d7fecd+dirty,shear_wave,python -m src.examples.shear_wave trt 0.6,reference,"E2 trt tau 0.6: nu error -0.14%, residual decayed (stable); inside the usable window",,"4x32x4 periodic, k=2pi/32, noise 1",,4x32x4,512,0.6,0.087,778,,,trt,none,,none,fully periodic,,none,nu error %,-0.14,,,,0.0,,0,,,0.0184,1,0.4,nu 3.3287e-02 vs 3.3333e-02; A/A0 0.368; residual 4.94e-06->4.88e-07 stable,,cuda,0.0,2.18,device,1.0,1.0,0,x-:0 x+:0 y-:0 y+:0 z-:0 z+:0 interior:0
93,2026-09-29T22:13,6d7fecd+dirty,shear_wave,python -m src.examples.shear_wave trt 0.55,reference,"E2 trt tau 0.55: nu error -0.146%, residual decayed (stable); inside the usable window",,"4x32x4 periodic, k=2pi/32, noise 1",,4x32x4,512,0.55,0.087,1556,,,trt,none,,none,fully periodic,,none,nu error %,-0.146,,,,0.0,,0,,,0.0184,1,0.8,nu 1.6642e-02 vs 1.6667e-02; A/A0 0.368; residual 4.94e-06->8.57e-07 stable,,cuda,0.0,2.17,device,1.0,1.0,0,x-:0 x+:0 y-:0 y+:0 z-:0 z+:0 interior:0
94,2026-09-29T22:13,6d7fecd+dirty,shear_wave,python -m src.examples.shear_wave trt 0.52,reference,"E2 trt tau 0.52: nu error -0.141%, residual decayed (stable); inside the usable window",,"4x32x4 periodic, k=2pi/32, noise 1",,4x32x4,512,0.52,0.087,3891,,,trt,none,,none,fully periodic,,none,nu error %,-0.141,,,,0.0,,0,,,0.0184,3,0.7,nu 6.6572e-03 vs 6.6667e-03; A/A0 0.369; residual 4.94e-06->2.03e-06 stable,,cuda,0.0,2.17,device,1.0001,1.0001,0,x-:0 x+:0 y-:0 y+:0 z-:0 z+:0 interior:0
95,2026-09-29T22:13,6d7fecd+dirty,shear_wave,python -m src.examples.shear_wave trt 0.51,reference,"E2 trt tau 0.51: nu error -0.127%, residual decayed (stable); inside the usable window",,"4x32x4 periodic, k=2pi/32, noise 1",,4x32x4,512,0.51,0.087,7781,,,trt,none,,none,fully periodic,,none,nu error %,-0.127,,,,0.0,,0,,,0.0184,5,0.8,nu 3.3291e-03 vs 3.3333e-03; A/A0 0.369; residual 4.94e-06->4.03e-06 stable,,cuda,0.0,2.17,device,1.0002,1.0002,0,x-:0 x+:0 y-:0 y+:0 z-:0 z+:0 interior:0
96,2026-09-29T22:13,6d7fecd+dirty,shear_wave,python -m src.examples.shear_wave trt 0.505,reference,"E2 trt tau 0.505: nu error -0.117%, residual decayed (stable); inside the usable window",,"4x32x4 periodic, k=2pi/32, noise 1",,4x32x4,512,0.505,0.087,15563,,,trt,none,,none,fully periodic,,none,nu error %,-0.117,,,,0.0,,0,,,0.0184,9,0.9,nu 1.6647e-03 vs 1.6667e-03; A/A0 0.367; residual 4.94e-06->4.29e-06 stable,,cuda,0.0,2.18,device,1.0005,1.0005,0,x-:0 x+:0 y-:0 y+:0 z-:0 z+:0 interior:0
97,2026-09-29T22:13,6d7fecd+dirty,shear_wave,python -m src.examples.shear_wave trt 0.502,bad,"E2 trt tau 0.502: nu error -0.077% but non-wave residual grew over one decay time -> unstable ghost modes, outside the usable window",,"4x32x4 periodic, k=2pi/32, noise 1",,4x32x4,512,0.502,0.087,38907,,,trt,none,,none,fully periodic,,none,nu error %,-0.077,,,,0.0,,0,,,0.0184,21,0.9,nu 6.6615e-04 vs 6.6667e-04; A/A0 0.368; residual 4.94e-06->2.14e-05 growing,,cuda,0.0,2.18,device,1.0011,1.0011,0,x-:0 x+:0 y-:0 y+:0 z-:0 z+:0 interior:0
98,2026-09-29T22:14,6d7fecd+dirty,shear_wave,python -m src.examples.shear_wave trt 0.501,bad,E2 trt tau 0.501: blow-up (blow-up at step 24118); beyond the stability limit,,"4x32x4 periodic, k=2pi/32, noise 1",,4x32x4,512,0.501,0.087,77815,,,trt,none,,none,fully periodic,,none,nu error %,blow-up,,,,,,0,,,nan,13,3.1,steps planned 77815,,cuda,0.0,2.13,device,,,0,x-:0 x+:0 y-:0 y+:0 z-:0 z+:0 interior:0 nonfinite:512
99,2026-09-29T22:14,6d7fecd+dirty,shear_wave,python -m src.examples.shear_wave trt 0.5005,bad,E2 trt tau 0.5005: blow-up (blow-up at step 13226); beyond the stability limit,,"4x32x4 periodic, k=2pi/32, noise 1",,4x32x4,512,0.5005,0.087,155629,,,trt,none,,none,fully periodic,,none,nu error %,blow-up,,,,,,0,,,nan,7,11.4,steps planned 155629,,cuda,0.0,2.13,device,,,0,x-:0 x+:0 y-:0 y+:0 z-:0 z+:0 interior:0 nonfinite:512
100,2026-09-29T22:14,6d7fecd+dirty,shear_wave,python -m src.examples.shear_wave reg 0.6,reference,"E2 reg tau 0.6: nu error 0.213%, residual decayed (stable); inside the usable window",,"4x32x4 periodic, k=2pi/32, noise 1",,4x32x4,512,0.6,0.087,778,,,reg,none,,none,fully periodic,,none,nu error %,0.213,,,,0.0,,0,,,0.0183,1,0.4,nu 3.3404e-02 vs 3.3333e-02; A/A0 0.367; residual 4.94e-06->5.76e-07 stable,,cuda,0.0,2.13,device,1.0,1.0,0,x-:0 x+:0 y-:0 y+:0 z-:0 z+:0 interior:0
101,2026-09-29T22:14,6d7fecd+dirty,shear_wave,python -m src.examples.shear_wave reg 0.55,reference,"E2 reg tau 0.55: nu error 0.27%, residual decayed (stable); inside the usable window",,"4x32x4 periodic, k=2pi/32, noise 1",,4x32x4,512,0.55,0.087,1556,,,reg,none,,none,fully periodic,,none,nu error %,0.27,,,,0.0,,0,,,0.0183,1,0.8,nu 1.6712e-02 vs 1.6667e-02; A/A0 0.366; residual 4.94e-06->9.40e-07 stable,,cuda,0.0,2.13,device,1.0,1.0,0,x-:0 x+:0 y-:0 y+:0 z-:0 z+:0 interior:0
102,2026-09-29T22:14,6d7fecd+dirty,shear_wave,python -m src.examples.shear_wave reg 0.52,reference,"E2 reg tau 0.52: nu error 0.315%, residual decayed (stable); inside the usable window",,"4x32x4 periodic, k=2pi/32, noise 1",,4x32x4,512,0.52,0.087,3891,,,reg,none,,none,fully periodic,,none,nu error %,0.315,,,,0.0,,0,,,0.0183,3,0.7,nu 6.6877e-03 vs 6.6667e-03; A/A0 0.367; residual 4.94e-06->2.06e-06 stable,,cuda,0.0,2.13,device,1.0001,1.0001,0,x-:0 x+:0 y-:0 y+:0 z-:0 z+:0 interior:0
103,2026-09-29T22:14,6d7fecd+dirty,shear_wave,python -m src.examples.shear_wave reg 0.51,reference,"E2 reg tau 0.51: nu error 0.334%, residual decayed (stable); inside the usable window",,"4x32x4 periodic, k=2pi/32, noise 1",,4x32x4,512,0.51,0.087,7781,,,reg,none,,none,fully periodic,,none,nu error %,0.334,,,,0.0,,0,,,0.0183,5,0.8,nu 3.3445e-03 vs 3.3333e-03; A/A0 0.367; residual 4.94e-06->2.19e-06 stable,,cuda,0.0,2.13,device,1.0001,1.0001,0,x-:0 x+:0 y-:0 y+:0 z-:0 z+:0 interior:0
104,2026-09-29T22:14,6d7fecd+dirty,shear_wave,python -m src.examples.shear_wave reg 0.505,reference,"E2 reg tau 0.505: nu error 0.37%, residual decayed (stable); inside the usable window",,"4x32x4 periodic, k=2pi/32, noise 1",,4x32x4,512,0.505,0.087,15563,,,reg,none,,none,fully periodic,,none,nu error %,0.37,,,,0.0,,0,,,0.0183,9,0.9,nu 1.6728e-03 vs 1.6667e-03; A/A0 0.366; residual 4.94e-06->2.44e-06 stable,,cuda,0.0,2.13,device,1.0002,1.0002,0,x-:0 x+:0 y-:0 y+:0 z-:0 z+:0 interior:0
105,2026-09-29T22:15,6d7fecd+dirty,shear_wave,python -m src.examples.shear_wave reg 0.502,reference,"E2 reg tau 0.502: nu error 0.457%, residual decayed (stable); inside the usable window",,"4x32x4 periodic, k=2pi/32, noise 1",,4x32x4,512,0.502,0.087,38907,,,reg,none,,none,fully periodic,,none,nu error %,0.457,,,,0.0,,0,,,0.0183,21,0.9,nu 6.6971e-04 vs 6.6667e-04; A/A0 0.366; residual 4.94e-06->4.77e-06 stable,,cuda,0.0,2.13,device,1.0005,1.0005,0,x-:0 x+:0 y-:0 y+:0 z-:0 z+:0 interior:0
106,2026-09-29T22:15,6d7fecd+dirty,shear_wave,python -m src.examples.shear_wave reg 0.501,reference,"E2 reg tau 0.501: nu error 0.506%, residual decayed (stable); inside the usable window",,"4x32x4 periodic, k=2pi/32, noise 1",,4x32x4,512,0.501,0.087,77815,,,reg,none,,none,fully periodic,,none,nu error %,0.506,,,,0.0,,0,,,0.0182,42,0.9,nu 3.3502e-04 vs 3.3333e-04; A/A0 0.365; residual 4.94e-06->2.49e-06 stable,,cuda,0.0,2.15,device,1.001,1.001,0,x-:0 x+:0 y-:0 y+:0 z-:0 z+:0 interior:0
107,2026-09-29T22:17,6d7fecd+dirty,shear_wave,python -m src.examples.shear_wave reg 0.5005,bad,"E2 reg tau 0.5005: nu error 15.873% but non-wave residual grew over one decay time -> unstable ghost modes, outside the usable window",,"4x32x4 periodic, k=2pi/32, noise 1",,4x32x4,512,0.5005,0.087,155629,,,reg,none,,none,fully periodic,,none,nu error %,15.873,,,,0.0,,0,,,0.0151,84,0.9,nu 1.9312e-04 vs 1.6667e-04; A/A0 0.299; residual 4.94e-06->1.67e-04 growing,,cuda,0.0,2.13,device,1.0022,1.0022,0,x-:0 x+:0 y-:0 y+:0 z-:0 z+:0 interior:0
108,2026-09-29T22:24,d4c7cbc+dirty,sphere,python -m src.examples.sphere,reference,"Envelope prep: sphere CLI args (argparse, domain scaled from D and W); defaults reproduce run 66 exactly (Cd 1.6228)",,"D=20, W=6.4D, analytic",50,384x128x128,6291456,0.62,0.173,20000,,,,,,,"regularized NEEM inlet / pressure outlet / free-slip y,z",,none,Cd,1.6228,,,,1.5381,5.51,0,,,0.1103,107,1176.0,U_eff 0.1022 drift -0.01%,,cuda,2.316,4.29,device,0.9907,1.0181,0,x-:0 x+:0 y-:0 y+:0 z-:0 z+:0 interior:0
109,2026-09-29T22:28,d4c7cbc+dirty,cylinder,python -m src.examples.cylinder 1,reference,"Envelope prep: cylinder CLI args; defaults reproduce run 71 exactly (Cd 1.1644, Cl -2.652, St 0.165)",,"D=45, alpha=1.0, U=0.1",100,1800x600x4,4320000,0.635,0.173,60000,,,,,,,NEEM inlet / pressure outlet / free-slip y / periodic z,"relax x 24, sigma 0.1",none,Cd,1.1644,,,,1.4,-16.83,0,,,0.1923,220,1178.2,Cl -2.652; St 0.165; U_eff 0.1082,,cuda,1.59,3.61,device,0.9426,1.016,0,x-:0 x+:0 y-:0 y+:0 z-:0 z+:0 interior:0
110,2026-09-29T22:30,f9a540e,sphere,python -m src.examples.sphere --diameter 10,reference,"E1 resolution D=10 (tau 0.56): Cd 1.5986, under-resolved (low side); stable",,"D=10, W=6.4D, analytic",50,192x64x64,786432,0.56,0.173,10000,,,,,,,"regularized NEEM inlet / pressure outlet / free-slip y,z",,none,Cd,1.5986,,,,1.5381,3.93,0,,,0.1099,19,413.9,U_eff 0.1051 drift -0.01%,,cuda,0.29,2.4,device,0.9924,1.0168,0,x-:0 x+:0 y-:0 y+:0 z-:0 z+:0 interior:0
111,2026-09-29T22:31,f9a540e+dirty,sphere,python -m src.examples.sphere --diameter 15,reference,E1 resolution D=15: Cd 1.6351,,"D=15, W=6.4D, analytic",50,288x96x96,2654208,0.59,0.173,15000,,,,,,,"regularized NEEM inlet / pressure outlet / free-slip y,z",,none,Cd,1.6351,,,,1.5381,6.31,0,,,0.1106,36,1105.9,U_eff 0.1028 drift +0.00%,,cuda,0.977,3.04,device,0.9912,1.0171,0,x-:0 x+:0 y-:0 y+:0 z-:0 z+:0 interior:0
112,2026-09-29T22:41,f9a540e+dirty,sphere,python -m src.examples.sphere --diameter 30,reference,E1 resolution D=30: Cd 1.6183 (-0.28% vs D=20),,"D=30, W=6.4D, analytic",50,576x192x192,21233664,0.68,0.173,30000,,,,,,,"regularized NEEM inlet / pressure outlet / free-slip y,z",,none,Cd,1.6183,,,,1.5381,5.21,0,,,0.1102,570,1117.6,U_eff 0.1020 drift -0.00%,,cuda,7.815,9.2,device,0.9885,1.0185,0,x-:0 x+:0 y-:0 y+:0 z-:0 z+:0 interior:0
113,2026-09-29T23:12,f9a540e+dirty,sphere,python -m src.examples.sphere --diameter 40,reference,E1 resolution D=40: Cd 1.6173 (-0.06% vs D=30): grid-converged ~1.617 at W=6.4D; the +5% gap to Schiller-Naumann is not discretization,,"D=40, W=6.4D, analytic",50,768x256x256,50331648,0.74,0.173,40000,,,,,,,"regularized NEEM inlet / pressure outlet / free-slip y,z",,none,Cd,1.6173,,,,1.5381,5.15,0,,,0.1102,1819,1106.8,U_eff 0.1021 drift -0.01%,,cuda,18.524,19.24,device,0.9835,1.0187,0,x-:0 x+:0 y-:0 y+:0 z-:0 z+:0 interior:0
114,2026-09-29T23:27,f9a540e+dirty,cylinder,python -m src.examples.cylinder 0 --velocity 0.025,reference,"E3 Mach U=0.025 (Ma 0.043): Cd 1.3686, St 0.165 (St quantized: FFT bin ~0.015)",,"D=45, alpha=0.0, U=0.025",100,1800x600x4,4320000,0.53375,0.043,240000,,,,,,,NEEM inlet / pressure outlet / free-slip y / periodic z,"relax x 24, sigma 0.1",none,Cd,1.3686,,,,1.4,-2.24,0,,,0.0342,874,1186.3,Cl 0.001; St 0.165; U_eff 0.0262,,cuda,1.59,3.64,device,0.9987,1.0011,0,x-:0 x+:0 y-:0 y+:0 z-:0 z+:0 interior:0
115,2026-09-29T23:34,f9a540e+dirty,cylinder,python -m src.examples.cylinder 0 --velocity 0.05,reference,"E3 Mach U=0.05 (Ma 0.087): Cd 1.3688, same as 0.025 -> incompressible limit reached",,"D=45, alpha=0.0, U=0.05",100,1800x600x4,4320000,0.5675,0.087,120000,,,,,,,NEEM inlet / pressure outlet / free-slip y / periodic z,"relax x 24, sigma 0.1",none,Cd,1.3688,,,,1.4,-2.23,0,,,0.0685,437,1186.3,Cl 0.001; St 0.165; U_eff 0.0526,,cuda,1.59,3.63,device,0.9947,1.0043,0,x-:0 x+:0 y-:0 y+:0 z-:0 z+:0 interior:0
116,2026-09-29T23:38,f9a540e+dirty,cylinder,python -m src.examples.cylinder 0 --velocity 0.1,reference,E3 Mach U=0.1 (Ma 0.17): Cd 1.3780 (+0.7% vs low-Ma); no-spin baseline after bug-hunt fixes,,"D=45, alpha=0.0, U=0.1",100,1800x600x4,4320000,0.635,0.173,60000,,,,,,,NEEM inlet / pressure outlet / free-slip y / periodic z,"relax x 24, sigma 0.1",none,Cd,1.378,,,,1.4,-1.57,0,,,0.1371,219,1183.6,Cl 0.000; St 0.165; U_eff 0.1055,,cuda,1.59,3.63,device,0.9764,1.017,0,x-:0 x+:0 y-:0 y+:0 z-:0 z+:0 interior:0
117,2026-09-29T23:41,f9a540e+dirty,cylinder,python -m src.examples.cylinder 0 --velocity 0.15,reference,E3 Mach U=0.15 (Ma 0.26): Cd 1.4110 (+3.1%),,"D=45, alpha=0.0, U=0.15",100,1800x600x4,4320000,0.7025,0.26,40000,,,,,,,NEEM inlet / pressure outlet / free-slip y / periodic z,"relax x 24, sigma 0.1",none,Cd,1.411,,,,1.4,0.79,0,,,0.2046,146,1183.6,Cl -0.002; St 0.165; U_eff 0.1597,,cuda,1.59,3.66,device,0.9427,1.0385,0,x-:0 x+:0 y-:0 y+:0 z-:0 z+:0 interior:0
118,2026-09-29T23:43,f9a540e+dirty,cylinder,python -m src.examples.cylinder 0 --velocity 0.2,reference,"E3 Mach U=0.2 (Ma 0.35): Cd 1.4421 (+5.4%), rho 0.916-1.069",,"D=45, alpha=0.0, U=0.2",100,1800x600x4,4320000,0.77,0.346,30000,,,,,,,NEEM inlet / pressure outlet / free-slip y / periodic z,"relax x 24, sigma 0.1",none,Cd,1.4421,,,,1.4,3.01,0,,,0.2789,110,1178.2,Cl -0.003; St 0.165; U_eff 0.2079,,cuda,1.59,3.65,device,0.9159,1.0687,0,x-:0 x+:0 y-:0 y+:0 z-:0 z+:0 interior:0
119,2026-09-29T23:44,f9a540e+dirty,sphere,python -m src.examples.sphere --width 4,reference,E4 blockage W=4D (4.9%): Cd 1.7194 (+6.4% vs W=12),,"D=20, W=4D, analytic",50,384x80x80,2457600,0.62,0.173,20000,,,,,,,"regularized NEEM inlet / pressure outlet / free-slip y,z",,none,Cd,1.7194,,,,1.5381,11.79,0,,,0.1132,44,1117.1,U_eff 0.1105 drift +0.01%,,cuda,0.905,2.97,device,0.9781,1.0188,0,x-:0 x+:0 y-:0 y+:0 z-:0 z+:0 interior:0
120,2026-09-29T23:45,f9a540e+dirty,sphere,python -m src.examples.sphere --width 5,reference,E4 blockage W=5D (3.1%): Cd 1.6578 (+3.9% vs W=12),,"D=20, W=5D, analytic",50,384x100x100,3840000,0.62,0.173,20000,,,,,,,"regularized NEEM inlet / pressure outlet / free-slip y,z",,none,Cd,1.6578,,,,1.5381,7.78,0,,,0.1114,67,1146.3,U_eff 0.1047 drift -0.00%,,cuda,1.414,3.49,device,0.9869,1.0184,0,x-:0 x+:0 y-:0 y+:0 z-:0 z+:0 interior:0
121,2026-09-29T23:48,f9a540e+dirty,sphere,python -m src.examples.sphere --width 8,reference,E4 blockage W=8D (1.2%): Cd 1.6068 (+0.7% vs W=12),,"D=20, W=8D, analytic",50,384x160x160,9830400,0.62,0.173,20000,,,,,,,"regularized NEEM inlet / pressure outlet / free-slip y,z",,none,Cd,1.6068,,,,1.5381,4.47,0,,,0.1098,172,1143.1,U_eff 0.1012 drift -0.00%,,cuda,3.618,5.51,device,0.9909,1.018,0,x-:0 x+:0 y-:0 y+:0 z-:0 z+:0 interior:0
122,2026-09-29T23:55,f9a540e+dirty,sphere,python -m src.examples.sphere --width 12,reference,"E4 blockage W=12D (0.55%): Cd 1.5957; linear extrapolation from W=8,12 to zero blockage ~1.587 (+3.2% vs Schiller-Naumann 1.538, within the correlation's scatter)",,"D=20, W=12D, analytic",50,384x240x240,22118400,0.62,0.173,20000,,,,,,,"regularized NEEM inlet / pressure outlet / free-slip y,z",,none,Cd,1.5957,,,,1.5381,3.74,0,,,0.1094,403,1097.7,U_eff 0.1004 drift +0.01%,,cuda,8.14,9.55,device,0.9909,1.0179,0,x-:0 x+:0 y-:0 y+:0 z-:0 z+:0 interior:0
123,2026-09-30T00:22,7138527+dirty,ahmed,python -m src.examples.ahmed,reference,"E6 prep: ahmed.py --height option, relaxation layers scaled with H; default reproduces run 73 exactly (Cd 0.6996, hot 146)",,H=32 phi=25 round,30000,696x120x117,9771840,0.50016,0.087,153120,69600,6.0,regularized,wale cw=0.5 + smag floor cs=0.04,log-law y+>30,staircase BB,NEEM-open inlet / pressure outlet / free-slip z / no-slip floor+ceiling / static floor,"relax x 24 (free stream) / z 12 (running mean from ramp end, alpha 5.0e-04), sigma 0.1",none,Cd,0.6996,0.0019,0.7001,0.6991,,,974,4.6,124.28,0.1615,1325,1129.3,"slant attached 0.09; slant u_t/U first 4 cols [0.4, 0.41, 0.015, 0.036]",,cuda,2.119,4.18,device,0.9845,1.0066,146,x-:0 x+:0 y-:0 y+:0 z-:0 z+:0 interior:146
124,2026-09-30T00:30,7138527+dirty,ahmed,python -m src.examples.ahmed --height 24,good,E6 H=24: Cd 0.7552 SE 0.0017 (+7.9% vs H=32); wall-engaged 3350 nodes,,H=24 phi=25 round,30000,522x90x88,4134240,0.50012,0.087,114840,52200,6.0,regularized,wale cw=0.5 + smag floor cs=0.04,log-law y+>30,staircase BB,NEEM-open inlet / pressure outlet / free-slip z / no-slip floor+ceiling / static floor,"relax x 18 (free stream) / z 9 (running mean from ramp end, alpha 6.7e-04), sigma 0.1",none,Cd,0.7552,0.0017,0.7551,0.7553,,,3350,6.2,158.67,0.1351,435,1091.4,"slant attached 0.12; slant u_t/U first 4 cols [0.428, 0.436, 0.014, -0.003]",,cuda,0.897,3.02,device,0.9863,1.0114,163,x-:0 x+:0 y-:0 y+:0 z-:0 z+:0 interior:163
125,2026-09-30T01:38,7138527+dirty,ahmed,python -m src.examples.ahmed --height 40,good,E6 H=40: Cd 0.6673 SE 0.0015 (-4.6% vs H=32); wall-engaged 334,,H=40 phi=25 round,30000,870x150x147,19183500,0.5002,0.087,191400,87000,6.0,regularized,wale cw=0.5 + smag floor cs=0.04,log-law y+>30,staircase BB,NEEM-open inlet / pressure outlet / free-slip z / no-slip floor+ceiling / static floor,"relax x 30 (free stream) / z 15 (running mean from ramp end, alpha 4.0e-04), sigma 0.1",none,Cd,0.6673,0.0015,0.6677,0.6669,,,334,3.64,110.48,0.1345,4055,905.5,"slant attached 0.07; slant u_t/U first 4 cols [0.377, 0.388, 0.014, 0.036]",,cuda,4.156,6.04,device,0.9852,1.0089,279,x-:0 x+:0 y-:1 y+:0 z-:0 z+:0 interior:278
126,2026-09-30T03:33,7138527+dirty,ahmed,python -m src.examples.ahmed --height 48,good,"E6 H=48: Cd 0.6276 SE 0.0016 (-10.3% vs H=32); wall-engaged 1 (wall model effectively off). Cd falls monotonically with H, no plateau up to H=48: not grid-converged. Wall-model engagement collapses with H (y+ gate), confounding the study",,H=48 phi=25 round,30000,1044x180x176,33073920,0.50024,0.087,229680,104400,6.0,regularized,wale cw=0.5 + smag floor cs=0.04,log-law y+>30,staircase BB,NEEM-open inlet / pressure outlet / free-slip z / no-slip floor+ceiling / static floor,"relax x 36 (free stream) / z 18 (running mean from ramp end, alpha 3.3e-04), sigma 0.1",none,Cd,0.6276,0.0016,0.6287,0.6266,,,1,2.99,102.98,0.1386,6861,1107.2,"slant attached 0.06; slant u_t/U first 4 cols [0.372, 0.383, 0.014, 0.036]",,cuda,7.162,8.73,device,0.983,1.0092,495,x-:0 x+:0 y-:13 y+:0 z-:0 z+:0 interior:482
127,2026-09-30T08:10,7138527+dirty,ahmed,python -m src.examples.ahmed --height 24 --no-wall-model,good,"E6 wall model off, H=24: Cd 0.7543 SE 0.0039 vs 0.7552 with it (run 124): identical within SE",,H=24 phi=25 round,30000,522x90x88,4134240,0.50012,0.087,114840,52200,6.0,regularized,wale cw=0.5 + smag floor cs=0.04,off,staircase BB,NEEM-open inlet / pressure outlet / free-slip z / no-slip floor+ceiling / static floor,"relax x 18 (free stream) / z 9 (running mean from ramp end, alpha 6.7e-04), sigma 0.1",none,Cd,0.7543,0.0039,0.7499,0.7587,,,0,6.2,181.08,0.1231,429,1106.7,"slant attached 0.12; slant u_t/U first 4 cols [0.433, 0.443, 0.015, -0.003]",,cuda,0.897,3.01,device,0.9906,1.0068,94,x-:0 x+:0 y-:1 y+:0 z-:0 z+:0 interior:93
128,2026-09-30T08:33,7138527+dirty,ahmed,python -m src.examples.ahmed --height 32 --no-wall-model,good,"E6 wall model off, H=32: Cd 0.7002 vs 0.6996 (run 123): identical",,H=32 phi=25 round,30000,696x120x117,9771840,0.50016,0.087,153120,69600,6.0,regularized,wale cw=0.5 + smag floor cs=0.04,off,staircase BB,NEEM-open inlet / pressure outlet / free-slip z / no-slip floor+ceiling / static floor,"relax x 24 (free stream) / z 12 (running mean from ramp end, alpha 5.0e-04), sigma 0.1",none,Cd,0.7002,0.0013,0.699,0.7014,,,0,4.62,129.69,0.1346,1324,1130.1,"slant attached 0.09; slant u_t/U first 4 cols [0.397, 0.411, 0.016, 0.039]",,cuda,2.119,4.17,device,0.9871,1.0066,156,x-:0 x+:0 y-:11 y+:0 z-:0 z+:0 interior:145
129,2026-09-30T10:27,7138527+dirty,ahmed,python -m src.examples.ahmed --height 48 --no-wall-model,good,"E6 wall model off, H=48: Cd 0.6294 vs 0.6276 (run 126, wall model on 1 node): identical within SE (check passed). The wall model does not drive the resolution trend; it comes from the grid and LES filter (nut_les/nu mean 6.2 -> 3.0 from H=24 to 48)",,H=48 phi=25 round,30000,1044x180x176,33073920,0.50024,0.087,229680,104400,6.0,regularized,wale cw=0.5 + smag floor cs=0.04,off,staircase BB,NEEM-open inlet / pressure outlet / free-slip z / no-slip floor+ceiling / static floor,"relax x 36 (free stream) / z 18 (running mean from ramp end, alpha 3.3e-04), sigma 0.1",none,Cd,0.6294,0.0007,0.6305,0.6282,,,0,2.98,88.58,0.1397,6827,1112.7,"slant attached 0.06; slant u_t/U first 4 cols [0.363, 0.376, 0.015, 0.037]",,cuda,7.162,8.67,device,0.983,1.0109,422,x-:0 x+:0 y-:1 y+:0 z-:0 z+:0 interior:421
130,2026-09-30T12:04,433937e,ahmed,python -m src.examples.ahmed 35 --height 24,good,"E6 relative test, 35 deg H=24: Cd 0.7591 SE 0.0022; delta vs 25 deg (run 124) +0.0039 (+0.5%, ~1.4 combined SE)",,H=24 phi=35 round,30000,522x90x88,4134240,0.50012,0.087,114840,52200,6.0,regularized,wale cw=0.5 + smag floor cs=0.04,log-law y+>30,staircase BB,NEEM-open inlet / pressure outlet / free-slip z / no-slip floor+ceiling / static floor,"relax x 18 (free stream) / z 9 (running mean from ramp end, alpha 6.7e-04), sigma 0.1",none,Cd,0.7591,0.0022,0.7579,0.7603,,,3547,6.24,189.71,0.1245,427,1111.9,"slant attached 0.07; slant u_t/U first 4 cols [0.393, 0.017, 0.039, -0.003]",,cuda,0.897,3.01,device,0.9895,1.0068,95,x-:0 x+:0 y-:0 y+:0 z-:0 z+:0 interior:95
131,2026-09-30T12:27,433937e+dirty,ahmed,python -m src.examples.ahmed 35 --height 32,good,"E6 relative test, 35 deg H=32: Cd 0.7091 SE 0.0010; delta vs 25 deg (run 123) +0.0095 (+1.4%). Delta same sign but 2.4x different between grids and near the noise; slant flow separated at both angles (attached fraction 0.05-0.12), so the 25/35 regime change seen in experiments is absent at Re_H 30000: inconclusive as a relative-accuracy test",,H=32 phi=35 round,30000,696x120x117,9771840,0.50016,0.087,153120,69600,6.0,regularized,wale cw=0.5 + smag floor cs=0.04,log-law y+>30,staircase BB,NEEM-open inlet / pressure outlet / free-slip z / no-slip floor+ceiling / static floor,"relax x 24 (free stream) / z 12 (running mean from ramp end, alpha 5.0e-04), sigma 0.1",none,Cd,0.7091,0.001,0.7066,0.7116,,,1000,4.65,132.55,0.1263,1324,1130.1,"slant attached 0.05; slant u_t/U first 4 cols [0.365, 0.014, 0.029, -0.004]",,cuda,2.119,4.25,device,0.9872,1.0066,189,x-:0 x+:0 y-:22 y+:0 z-:0 z+:0 interior:167
132,2026-09-30T12:35,e950026+dirty,wing_ground,python -m src.examples.wing_ground 0.3 4,reference,"Relative-accuracy prep: wing_ground --chord option (argparse, x-layer scaled); default reproduces run 74 exactly (-CL 0.3368)",,"NACA 4412 inverted, c=80, h/c=0.3, alpha=4",5000,800x400x4,1280000,0.5024,0.087,160000,64000,6.0,regularized,wale cw=0.5 + smag floor cs=0.04,off,Bouzidi wing / staircase floor+ceiling,NEEM-open inlet (ramped) / pressure outlet / moving floor + ceiling at U / periodic z,"relax x 24, sigma 0.1",none,-CL,0.3368,0.0004,0.3373,0.3362,,,0,0.0,3.01,0.0711,291,703.8,CD 0.1144 +/- 0.0000,,cuda,0.471,2.69,device,0.9966,1.007,0,x-:0 x+:0 y-:0 y+:0 z-:0 z+:0 interior:0
133,2026-09-30T13:24,e950026+dirty,wing_ground,python -m src.examples.wing_ground 1.5 4 --chord 120,good,"Relative-accuracy test, chord 120 (tau 0.5036): baseline h/c 1.5 -CL 0.3210 (+3.9% vs 0.3089 at chord 80)",,"NACA 4412 inverted, c=120, h/c=1.5, alpha=4",5000,1200x600x4,2880000,0.5036,0.087,240000,96000,6.0,regularized,wale cw=0.5 + smag floor cs=0.04,off,Bouzidi wing / staircase floor+ceiling,NEEM-open inlet (ramped) / pressure outlet / moving floor + ceiling at U / periodic z,"relax x 36, sigma 0.1",none,-CL,0.321,0.0001,0.321,0.3209,,,0,0.0,1.5,0.0688,673,1027.0,CD 0.0889 +/- 0.0000,,cuda,1.06,2.77,device,0.9969,1.0053,0,x-:0 x+:0 y-:0 y+:0 z-:0 z+:0 interior:0
134,2026-09-30T13:37,e950026+dirty,wing_ground,python -m src.examples.wing_ground 0.6 4 --chord 120,good,"Relative-accuracy test, chord 120, h/c 0.6: -CL 0.3353, +4.5% vs h/c 1.5 (chord 80: +3.6%)",,"NACA 4412 inverted, c=120, h/c=0.6, alpha=4",5000,1200x600x4,2880000,0.5036,0.087,240000,96000,6.0,regularized,wale cw=0.5 + smag floor cs=0.04,off,Bouzidi wing / staircase floor+ceiling,NEEM-open inlet (ramped) / pressure outlet / moving floor + ceiling at U / periodic z,"relax x 36, sigma 0.1",none,-CL,0.3353,0.0002,0.3354,0.3351,,,0,0.0,0.81,0.0696,666,1037.8,CD 0.0959 +/- 0.0000,,cuda,1.06,3.05,device,0.9968,1.0055,0,x-:0 x+:0 y-:0 y+:0 z-:0 z+:0 interior:0
135,2026-09-30T13:49,e950026+dirty,wing_ground,python -m src.examples.wing_ground 0.3 4 --chord 120,good,"Relative-accuracy test, chord 120, h/c 0.3: -CL 0.3541, +10.3% vs h/c 1.5 (chord 80: +9.0%)",,"NACA 4412 inverted, c=120, h/c=0.3, alpha=4",5000,1200x600x4,2880000,0.5036,0.087,240000,96000,6.0,regularized,wale cw=0.5 + smag floor cs=0.04,off,Bouzidi wing / staircase floor+ceiling,NEEM-open inlet (ramped) / pressure outlet / moving floor + ceiling at U / periodic z,"relax x 36, sigma 0.1",none,-CL,0.3541,0.0003,0.3541,0.354,,,0,0.0,0.94,0.0694,671,1030.1,CD 0.1103 +/- 0.0000,,cuda,1.06,3.15,device,0.9965,1.0058,0,x-:0 x+:0 y-:0 y+:0 z-:0 z+:0 interior:0
136,2026-09-30T14:01,e950026+dirty,wing_ground,python -m src.examples.wing_ground 0.15 4 --chord 120,good,"Relative-accuracy test, chord 120, h/c 0.15: -CL 0.3299, +2.8% vs h/c 1.5 (chord 80: +2.1%)",,"NACA 4412 inverted, c=120, h/c=0.15, alpha=4",5000,1200x600x4,2880000,0.5036,0.087,240000,96000,6.0,regularized,wale cw=0.5 + smag floor cs=0.04,off,Bouzidi wing / staircase floor+ceiling,NEEM-open inlet (ramped) / pressure outlet / moving floor + ceiling at U / periodic z,"relax x 36, sigma 0.1",none,-CL,0.3299,0.0006,0.3298,0.3299,,,0,0.0,2.01,0.0743,653,1058.5,CD 0.1306 +/- 0.0000,,cuda,1.06,3.21,device,0.9947,1.006,0,x-:0 x+:0 y-:0 y+:0 z-:0 z+:0 interior:0
137,2026-09-30T14:14,e950026+dirty,wing_ground,python -m src.examples.wing_ground 0.1 4 --chord 120,good,"Relative-accuracy test, chord 120, h/c 0.1: -CL 0.2602, -18.9% vs h/c 1.5 (chord 80: -17.4%)",,"NACA 4412 inverted, c=120, h/c=0.1, alpha=4",5000,1200x600x4,2880000,0.5036,0.087,240000,96000,6.0,regularized,wale cw=0.5 + smag floor cs=0.04,off,Bouzidi wing / staircase floor+ceiling,NEEM-open inlet (ramped) / pressure outlet / moving floor + ceiling at U / periodic z,"relax x 36, sigma 0.1",none,-CL,0.2602,0.0,0.2602,0.2601,,,0,0.0,1.35,0.0723,657,1052.1,CD 0.1362 +/- 0.0000,,cuda,1.06,3.09,device,0.9955,1.0055,0,x-:0 x+:0 y-:0 y+:0 z-:0 z+:0 interior:0
138,2026-09-30T14:53,998abf7+dirty,cylinder,python -m src.examples.cylinder 0 --velocity 0.025,good,"E3 Strouhal, U 0.025: Cd 1.3686 = run 114 exactly. St 0.1711 spectral; zc 0.1755 on full record (11 cycles), 0.1716 with first quarter dropped: zc sensitive to record start, spectral is the reported value",,"D=45, alpha=0.0, U=0.025",100,1800x600x4,4320000,0.53375,0.043,240000,,,,,,,NEEM inlet / pressure outlet / free-slip y / periodic z,"relax x 24, sigma 0.1",none,Cd,1.3686,,,,1.4,-2.24,0,,,0.0342,1390,745.9,Cl 0.001; St 0.1711 (zc 0.1755); U_eff 0.0262,,cuda,1.59,3.68,device,0.9987,1.0011,0,x-:0 x+:0 y-:0 y+:0 z-:0 z+:0 interior:0
139,2026-09-30T15:00,998abf7+dirty,cylinder,python -m src.examples.cylinder 0 --velocity 0.05,good,"E3 Strouhal, U 0.05: Cd 1.3688 = run 115 exactly. St 0.1710 spectral (zc 0.1686 full, 0.1712 first quarter dropped)",,"D=45, alpha=0.0, U=0.05",100,1800x600x4,4320000,0.5675,0.087,120000,,,,,,,NEEM inlet / pressure outlet / free-slip y / periodic z,"relax x 24, sigma 0.1",none,Cd,1.3688,,,,1.4,-2.23,0,,,0.0685,441,1175.5,Cl 0.001; St 0.1710 (zc 0.1686); U_eff 0.0526,,cuda,1.59,3.62,device,0.9947,1.0043,0,x-:0 x+:0 y-:0 y+:0 z-:0 z+:0 interior:0
140,2026-09-30T15:04,998abf7+dirty,cylinder,python -m src.examples.cylinder 0 --velocity 0.1,good,"E3 Strouhal, U 0.1: Cd 1.3780 = run 116 exactly. St 0.1710 spectral (zc 0.1689 full, 0.1712 first quarter dropped). No Mach trend in St up to Ma 0.17; St 0.171 is +4.3% vs Williamson 0.164 on U, -0.9% on U_eff (blockage 7.5%)",,"D=45, alpha=0.0, U=0.1",100,1800x600x4,4320000,0.635,0.173,60000,,,,,,,NEEM inlet / pressure outlet / free-slip y / periodic z,"relax x 24, sigma 0.1",none,Cd,1.378,,,,1.4,-1.57,0,,,0.1371,221,1172.9,Cl 0.000; St 0.1710 (zc 0.1689); U_eff 0.1055,,cuda,1.59,3.66,device,0.9764,1.017,0,x-:0 x+:0 y-:0 y+:0 z-:0 z+:0 interior:0
141,2026-09-30T15:18,8df9768+dirty,wing_ground,python -m src.examples.wing_ground 0.3 4,good,"E5 smoke: --reynolds option, default reproduces run 74 exactly (-CL 0.3368)",,"NACA 4412 inverted, c=80, h/c=0.3, alpha=4",5000,800x400x4,1280000,0.5024,0.087,160000,64000,6.0,regularized,wale cw=0.5 + smag floor cs=0.04,off,Bouzidi wing / staircase floor+ceiling,NEEM-open inlet (ramped) / pressure outlet / moving floor + ceiling at U / periodic z,"relax x 24, sigma 0.1",none,-CL,0.3368,0.0004,0.3373,0.3362,,,0,0.0,3.01,0.0711,299,684.9,CD 0.1144 +/- 0.0000,,cuda,0.471,2.66,device,0.9966,1.007,0,x-:0 x+:0 y-:0 y+:0 z-:0 z+:0 interior:0
142,2026-09-30T15:23,8df9768+dirty,wing_ground,python -m src.examples.wing_ground 0.1 4 --reynolds 2000,good,"E5 Re 2000, h/c 0.1: -CL 0.1308, -50.1% vs h/c 1.5",,"NACA 4412 inverted, c=80, h/c=0.1, alpha=4",2000.0,800x400x4,1280000,0.506,0.087,160000,64000,6.0,regularized,wale cw=0.5 + smag floor cs=0.04,off,Bouzidi wing / staircase floor+ceiling,NEEM-open inlet (ramped) / pressure outlet / moving floor + ceiling at U / periodic z,"relax x 24, sigma 0.1",none,-CL,0.1308,0.0002,0.1309,0.1307,,,0,0.0,0.58,0.0689,301,680.4,CD 0.1541 +/- 0.0000,,cuda,0.471,2.62,device,0.996,1.0053,0,x-:0 x+:0 y-:0 y+:0 z-:0 z+:0 interior:0
143,2026-09-30T15:29,8df9768+dirty,wing_ground,python -m src.examples.wing_ground 0.15 4 --reynolds 2000,good,"E5 Re 2000, h/c 0.15: -CL 0.1990, -24.0% vs h/c 1.5",,"NACA 4412 inverted, c=80, h/c=0.15, alpha=4",2000.0,800x400x4,1280000,0.506,0.087,160000,64000,6.0,regularized,wale cw=0.5 + smag floor cs=0.04,off,Bouzidi wing / staircase floor+ceiling,NEEM-open inlet (ramped) / pressure outlet / moving floor + ceiling at U / periodic z,"relax x 24, sigma 0.1",none,-CL,0.199,0.0003,0.1988,0.1992,,,0,0.0,0.46,0.068,296,691.9,CD 0.1484 +/- 0.0000,,cuda,0.471,2.64,device,0.9965,1.0057,0,x-:0 x+:0 y-:0 y+:0 z-:0 z+:0 interior:0
144,2026-09-30T15:35,8df9768+dirty,wing_ground,python -m src.examples.wing_ground 0.3 4 --reynolds 2000,good,"E5 Re 2000, h/c 0.3: -CL 0.2506, -4.3% vs h/c 1.5; no ground-effect gain at any height (steady, viscous)",,"NACA 4412 inverted, c=80, h/c=0.3, alpha=4",2000.0,800x400x4,1280000,0.506,0.087,160000,64000,6.0,regularized,wale cw=0.5 + smag floor cs=0.04,off,Bouzidi wing / staircase floor+ceiling,NEEM-open inlet (ramped) / pressure outlet / moving floor + ceiling at U / periodic z,"relax x 24, sigma 0.1",none,-CL,0.2506,0.0003,0.2506,0.2506,,,0,0.0,0.32,0.0663,296,691.9,CD 0.1317 +/- 0.0000,,cuda,0.471,2.63,device,0.9971,1.0062,0,x-:0 x+:0 y-:0 y+:0 z-:0 z+:0 interior:0
145,2026-09-30T15:40,8df9768+dirty,wing_ground,python -m src.examples.wing_ground 1.5 4 --reynolds 2000,good,"E5 Re 2000, h/c 1.5 baseline: -CL 0.2619 (tau 0.506, steady)",,"NACA 4412 inverted, c=80, h/c=1.5, alpha=4",2000.0,800x400x4,1280000,0.506,0.087,160000,64000,6.0,regularized,wale cw=0.5 + smag floor cs=0.04,off,Bouzidi wing / staircase floor+ceiling,NEEM-open inlet (ramped) / pressure outlet / moving floor + ceiling at U / periodic z,"relax x 24, sigma 0.1",none,-CL,0.2619,0.0,0.2619,0.2619,,,0,0.0,0.21,0.0635,303,675.9,CD 0.1104 +/- 0.0000,,cuda,0.471,2.68,device,0.9975,1.006,0,x-:0 x+:0 y-:0 y+:0 z-:0 z+:0 interior:0
146,2026-09-30T15:46,8df9768+dirty,wing_ground,python -m src.examples.wing_ground 0.1 4 --reynolds 10000,good,"E5 Re 10000, h/c 0.1: -CL 0.3098 SE 0.0025, +1.3% vs h/c 1.5 (Re 5000: -17.4%)",,"NACA 4412 inverted, c=80, h/c=0.1, alpha=4",10000.0,800x400x4,1280000,0.5012,0.087,160000,64000,6.0,regularized,wale cw=0.5 + smag floor cs=0.04,off,Bouzidi wing / staircase floor+ceiling,NEEM-open inlet (ramped) / pressure outlet / moving floor + ceiling at U / periodic z,"relax x 24, sigma 0.1",none,-CL,0.3098,0.0025,0.3098,0.3099,,,0,0.62,13.35,0.0934,296,691.9,CD 0.1338 +/- 0.0003,,cuda,0.471,2.68,device,0.993,1.0057,0,x-:0 x+:0 y-:0 y+:0 z-:0 z+:0 interior:0
147,2026-09-30T15:52,8df9768+dirty,wing_ground,python -m src.examples.wing_ground 0.15 4 --reynolds 10000,good,"E5 Re 10000, h/c 0.15: -CL 0.3424 SE 0.0018, +11.9% vs h/c 1.5; highest of the sweep, ties h/c 0.3 within SE",,"NACA 4412 inverted, c=80, h/c=0.15, alpha=4",10000.0,800x400x4,1280000,0.5012,0.087,160000,64000,6.0,regularized,wale cw=0.5 + smag floor cs=0.04,off,Bouzidi wing / staircase floor+ceiling,NEEM-open inlet (ramped) / pressure outlet / moving floor + ceiling at U / periodic z,"relax x 24, sigma 0.1",none,-CL,0.3424,0.0018,0.3415,0.3433,,,0,0.62,11.27,0.0888,296,691.9,CD 0.1257 +/- 0.0001,,cuda,0.471,2.64,device,0.9929,1.0062,0,x-:0 x+:0 y-:0 y+:0 z-:0 z+:0 interior:0
148,2026-09-30T15:57,8df9768+dirty,wing_ground,python -m src.examples.wing_ground 0.3 4 --reynolds 10000,good,"E5 Re 10000, h/c 0.3: -CL 0.3396 SE 0.0056, +11.0% vs h/c 1.5; unsteady wake shedding, halves differ 2%",,"NACA 4412 inverted, c=80, h/c=0.3, alpha=4",10000.0,800x400x4,1280000,0.5012,0.087,160000,64000,6.0,regularized,wale cw=0.5 + smag floor cs=0.04,off,Bouzidi wing / staircase floor+ceiling,NEEM-open inlet (ramped) / pressure outlet / moving floor + ceiling at U / periodic z,"relax x 24, sigma 0.1",none,-CL,0.3396,0.0056,0.3363,0.3428,,,0,0.62,11.11,0.0907,294,696.6,CD 0.1078 +/- 0.0004,,cuda,0.471,2.64,device,0.9945,1.0071,0,x-:0 x+:0 y-:0 y+:0 z-:0 z+:0 interior:0
149,2026-09-30T16:03,8df9768+dirty,wing_ground,python -m src.examples.wing_ground 1.5 4 --reynolds 10000,good,"E5 Re 10000, h/c 1.5 baseline: -CL 0.3059 SE 0.0058 (tau 0.5012, shedding wake; max_u 0.157 transient, 60 hot z-columns, final field clean)",,"NACA 4412 inverted, c=80, h/c=1.5, alpha=4",10000.0,800x400x4,1280000,0.5012,0.087,160000,64000,6.0,regularized,wale cw=0.5 + smag floor cs=0.04,off,Bouzidi wing / staircase floor+ceiling,NEEM-open inlet (ramped) / pressure outlet / moving floor + ceiling at U / periodic z,"relax x 24, sigma 0.1",none,-CL,0.3059,0.0058,0.3007,0.3111,,,0,0.6,6.89,0.1567,281,728.8,CD 0.0910 +/- 0.0005,,cuda,0.471,2.66,device,0.9966,1.0073,60,x-:0 x+:0 y-:0 y+:0 z-:60 z+:60 interior:0
150,2026-09-30T16:11,d8524e8,wing_ground,python -m src.examples.wing_ground 0.2 4 --reynolds 10000,good,"E5 Re 10000, h/c 0.2: -CL 0.3473 SE 0.0024, +13.5% vs h/c 1.5; highest of the Re 10000 curve (+0.0049 vs h/c 0.15, +0.0077 vs 0.3, 1.3-1.6 combined SE): peak about h/c 0.2",,"NACA 4412 inverted, c=80, h/c=0.2, alpha=4",10000.0,800x400x4,1280000,0.5012,0.087,160000,64000,6.0,regularized,wale cw=0.5 + smag floor cs=0.04,off,Bouzidi wing / staircase floor+ceiling,NEEM-open inlet (ramped) / pressure outlet / moving floor + ceiling at U / periodic z,"relax x 24, sigma 0.1",none,-CL,0.3473,0.0024,0.3454,0.3493,,,0,0.62,11.41,0.0873,308,664.9,CD 0.1176 +/- 0.0003,,cuda,0.471,2.67,device,0.9944,1.0066,0,x-:0 x+:0 y-:0 y+:0 z-:0 z+:0 interior:0
151,2026-09-30T18:50,14311b9+dirty,wing_ground,python -m src.examples.wing_ground 0.3 4,reference,"Runner step 2 gate: wing_ground ported to Case + run_case; reproduces run 74 exactly (-CL 0.3368 SE 0.0004, drift 0.3373/0.3362, CD 0.1144)",,"NACA 4412 inverted, c=80, h/c=0.3, alpha=4",5000,800x400x4,1280000,0.5024,0.087,160000,64000,6.0,regularized,wale cw=0.5 + smag floor cs=0.04,off,Bouzidi wing / staircase floor+ceiling,NEEM-open inlet (ramped) / pressure outlet / moving floor + ceiling at U / periodic z,"relax x 24, sigma 0.1",none,-CL,0.3368,0.0004,0.3373,0.3362,,,0,0.0,3.01,0.0711,286,716.1,CD 0.1144 +/- 0.0000,,cuda,0.471,2.29,device,0.9966,1.007,0,x-:0 x+:0 y-:0 y+:0 z-:0 z+:0 interior:0
152,2026-09-30T19:09,10adfe0+dirty,wing_ground,python -m src.examples.wing_ground 0.3 4,reference,Runner port gate: wing_ground through the full runner = run 151 exactly,,"NACA 4412 inverted, c=80, h/c=0.3, alpha=4",5000,800x400x4,1280000,0.5024,0.087,160000,64000,6.0,regularized,wale cw=0.5 + smag floor cs=0.04,off,Bouzidi wing / staircase floor+ceiling,NEEM-open inlet (ramped) / pressure outlet / moving floor + ceiling at U / periodic z,"relax x 24, sigma 0.1",none,-CL,0.3368,0.0004,0.3373,0.3362,,,0,0.0,3.01,0.0711,285,718.6,CD 0.1144 +/- 0.0000,,cuda,0.471,2.38,device,0.9966,1.007,0,x-:0 x+:0 y-:0 y+:0 z-:0 z+:0 interior:0
153,2026-09-30T19:17,10adfe0+dirty,ahmed,python -m src.examples.ahmed --height 24,reference,"Runner port gate: ahmed H=24 = run 124 exactly (Cd 0.7552 SE 0.0017, drift, slant)",,H=24 phi=25 round,30000,522x90x88,4134240,0.50012,0.087,114840,52200,6.0,regularized,wale cw=0.5 + smag floor cs=0.04,log-law y+>30,staircase BB,NEEM-open inlet / pressure outlet / free-slip z / no-slip floor+ceiling / static floor,"relax x 18 (free stream) / z 9 (running mean from ramp end, alpha 6.7e-04), sigma 0.1",none,Cd,0.7552,0.0017,0.7551,0.7553,,,3350,6.2,158.67,0.1351,445,1066.9,"slant attached 0.12; slant u_t/U first 4 cols [0.428, 0.436, 0.014, -0.003]",tau below floor (allowed),cuda,0.897,2.68,device,0.9863,1.0114,163,x-:0 x+:0 y-:0 y+:0 z-:0 z+:0 interior:163
154,2026-09-30T19:20,10adfe0+dirty,cylinder,python -m src.examples.cylinder 0,reference,"Runner port gate: cylinder 0 = run 140 exactly (Cd 1.378, St 0.1710 zc 0.1689, U_eff 0.1055)",,"D=45, alpha=0.0, U=0.1",100,1800x600x4,4320000,0.635,0.173,60000,30000,1.7,BGK,none,off,Bouzidi cylinder,NEEM inlet / pressure outlet / free-slip y / periodic z,"relax x 24, sigma 0.1",none,Cd,1.378,,,,1.4,-1.57,0,,,0.1371,222,1167.6,Cl 0.000; St 0.1710 (zc 0.1689); U_eff 0.1055,,cuda,1.59,3.38,device,0.9764,1.017,0,x-:0 x+:0 y-:0 y+:0 z-:0 z+:0 interior:0
155,2026-09-30T19:24,10adfe0+dirty,cylinder,python -m src.examples.cylinder 1,reference,"Runner port gate: cylinder 1 = run 109 (Cd 1.1644, Cl -2.652, U_eff 0.1082); St now from the refined dominant_frequency",,"D=45, alpha=1.0, U=0.1",100,1800x600x4,4320000,0.635,0.173,60000,30000,1.7,BGK,none,off,Bouzidi cylinder,NEEM inlet / pressure outlet / free-slip y / periodic z,"relax x 24, sigma 0.1",none,Cd,1.1644,,,,1.4,-16.83,0,,,0.1923,222,1167.6,Cl -2.652; St 0.1723 (zc 0.1722); U_eff 0.1082,,cuda,1.59,3.32,device,0.9426,1.016,0,x-:0 x+:0 y-:0 y+:0 z-:0 z+:0 interior:0
156,2026-09-30T19:25,10adfe0+dirty,sphere,python -m src.examples.sphere --diameter 10,reference,Runner port gate: sphere D=10 = run 110 exactly (Cd 1.5986),,"D=10, W=6.4D, analytic",50,192x64x64,786432,0.56,0.173,10000,0,5.2,TRT,none,off,Bouzidi sphere,"regularized NEEM inlet / pressure outlet / free-slip y,z","relax x 24, sigma 0.1",none,Cd,1.5986,,,,1.5381,3.93,0,,,0.1099,18,436.9,U_eff 0.1051 drift -0.01%,,cuda,0.29,2.12,device,0.9924,1.0168,0,x-:0 x+:0 y-:0 y+:0 z-:0 z+:0 interior:0
157,2026-09-30T19:26,10adfe0+dirty,step,python -m src.examples.step,reference,Runner port gate: step = run 67 exactly (x_r/S 2.819),,S=30 ER~1.94,100,840x63x4,211680,0.686,0.173,60000,0,7.1,TRT,none,off,staircase BB,NEEM-open inlet (ramped) / pressure outlet / no-slip walls / periodic z,none,none,x_r/S,2.819,,,,3.0,-6.03,0,,,0.1471,61,208.2,Armaly Re 102; U_mean 0.1016,,cuda,0.046,1.9,device,1.0,1.0673,0,x-:0 x+:0 y-:0 y+:0 z-:0 z+:0 interior:0
158,2026-09-30T19:26,10adfe0+dirty,shear_wave,python -m src.examples.shear_wave bgk 0.6,reference,Runner port gate: shear_wave bgk 0.6 = run 84 exactly,,"4x32x4 periodic, k=2pi/32, noise 1",,4x32x4,512,0.6,0.087,778,,,bgk,none,off,none,fully periodic,none,none,nu error %,0.315,,,,0.0,,0,,,0.0183,1,0.4,nu 3.3438e-02 vs 3.3333e-02; A/A0 0.366; residual 4.94e-06->4.62e-07 stable,tau below floor (allowed),cuda,0.0,1.87,device,1.0,1.0,0,x-:0 x+:0 y-:0 y+:0 z-:0 z+:0 interior:0
159,2026-09-30T19:26,10adfe0+dirty,shear_wave,python -m src.examples.shear_wave trt 0.6,reference,Runner port gate: shear_wave trt 0.6 = run 92 exactly,,"4x32x4 periodic, k=2pi/32, noise 1",,4x32x4,512,0.6,0.087,778,,,trt,none,off,none,fully periodic,none,none,nu error %,-0.14,,,,0.0,,0,,,0.0184,1,0.4,nu 3.3287e-02 vs 3.3333e-02; A/A0 0.368; residual 4.94e-06->4.88e-07 stable,tau below floor (allowed),cuda,0.0,1.87,device,1.0,1.0,0,x-:0 x+:0 y-:0 y+:0 z-:0 z+:0 interior:0
160,2026-09-30T19:26,10adfe0+dirty,shear_wave,python -m src.examples.shear_wave reg 0.501,reference,Runner port gate: shear_wave reg 0.501 = run 106 exactly,,"4x32x4 periodic, k=2pi/32, noise 1",,4x32x4,512,0.501,0.087,77815,,,reg,none,off,none,fully periodic,none,none,nu error %,0.506,,,,0.0,,0,,,0.0182,41,1.0,nu 3.3502e-04 vs 3.3333e-04; A/A0 0.365; residual 4.94e-06->2.49e-06 stable,tau below floor (allowed),cuda,0.0,1.88,device,1.001,1.001,0,x-:0 x+:0 y-:0 y+:0 z-:0 z+:0 interior:0
161,2026-09-30T19:27,10adfe0+dirty,channel_laminar,python -m src.examples.channel,reference,"Runner port gate: channel laminar TRT, delta_fit 31.999, peak 0.049964 (-0.07% vs 0.05): matches DESIGN 10",,delta=32.0,,8x66x8,4224,0.8,0.087,40000,,,TRT,none,off,halfway BB,"periodic x,z / no-slip y walls",none,body force gx,peak u,0.049964,,,,0.05,-0.07,0,,,0.05,28,6.0,R^2 1.000000; delta_fit 31.999 (nominal 32.0),,cuda,0.001,1.88,device,1.0006,1.0006,0,x-:0 x+:0 y-:0 y+:0 z-:0 z+:0 interior:0
162,2026-09-30T19:37,10adfe0,channel_turbulent,python -m src.examples.channel_turbulent,reference,"channel_turbulent baseline on pre-port code (10adfe0, ports stashed): gate for the ported version",,delta=64 (Re_tau 180),180,120x130x60,936000,0.5048,0.138,600000,100000,,TRT (collide_full),wale cw=0.5,off,halfway BB,"periodic x,z / no-slip y walls",,body force gx,U+ centerline,18.47,,,,18.3,0.93,0,0.0,0.06,0.0936,590,951.9,u'rms 3.27 @ y+15.5; wall-shear -3.3%; asym 4.6%,,cuda,0.202,2.07,device,1.0171,1.0178,0,x-:0 x+:0 y-:0 y+:0 z-:0 z+:0 interior:0
163,2026-09-30T19:47,10adfe0+dirty,channel_turbulent,python -m src.examples.channel_turbulent,superseded,"intended as the ported gate, but git stash pop failed on run_log.csv, so pre-port code ran again (identical to 162)",,delta=64 (Re_tau 180),180,120x130x60,936000,0.5048,0.138,600000,100000,,TRT (collide_full),wale cw=0.5,off,halfway BB,"periodic x,z / no-slip y walls",,body force gx,U+ centerline,18.47,,,,18.3,0.93,0,0.0,0.06,0.0936,597,940.7,u'rms 3.27 @ y+15.5; wall-shear -3.3%; asym 4.6%,,cuda,0.202,2.07,device,1.0171,1.0178,0,x-:0 x+:0 y-:0 y+:0 z-:0 z+:0 interior:0
164,2026-09-30T20:06,10adfe0+dirty,channel_turbulent,python -m src.examples.channel_turbulent,reference,"Runner port gate: channel_turbulent through run_case = run 162 exactly (U+ 18.47, u'rms 3.27 @ y+15.5, wall-shear -3.3%, asym 4.6%)",,delta=64 (Re_tau 180),180,120x130x60,936000,0.5048,0.138,600000,,,TRT,wale cw=0.5,off,halfway BB,"periodic x,z / no-slip y walls",none,body force gx,U+ centerline,18.47,,,,18.3,0.93,0,0.0,0.06,0.0936,638,880.3,u'rms 3.27 @ y+15.5; wall-shear -3.3%; asym 4.6%,,cuda,0.202,2.06,device,1.0171,1.0178,0,x-:0 x+:0 y-:0 y+:0 z-:0 z+:0 interior:0
165,2026-09-30T20:51,cf3ce99+dirty,wing_ground,python -m src.run.__main__ cases/templates/wing_ground.json --dev-log,reference,"M2 gate: wing template through python -m src.run (case file -> build_case -> run_case) = run 151 exactly (C_y -0.3368 = -(-CL), SE 0.0004, drift, C_x 0.1144)",,wing (naca),5000.0,800x400x4,1280000,0.5024,0.087,160000,64000,6.0,regularized,wale cw=0.5 + smag floor cs=0.04,off,wing bouzidi,inlet neem_open / x inflow / y walls / z periodic,"relax x 24, sigma 0.1",none,wing C_y,-0.3368,0.0004,-0.3373,-0.3362,,,0,0.0,3.01,0.0711,296,691.9,C_x 0.1144; status finished; case f45508e2ff64; v0.1.0,,cuda,0.471,2.4,device,0.9966,1.007,0,x-:0 x+:0 y-:0 y+:0 z-:0 z+:0 interior:0
166,2026-09-30T22:59,8c60d7b+dirty,wing_ground,python -m src.run.__main__ cases/templates/wing_ground.json --dev-log,reference,Geometry speed-up gate: node phi evaluated once on one xy-plane (node_values extruded); geometry 42.3 s -> 6.3 s; = run 165 / 151 exactly,,wing (naca),5000.0,800x400x4,1280000,0.5024,0.087,160000,64000,6.0,regularized,wale cw=0.5 + smag floor cs=0.04,off,wing bouzidi,inlet neem_open / x inflow / y walls / z periodic,"relax x 24, sigma 0.1",none,wing C_y,-0.3368,0.0004,-0.3373,-0.3362,,,0,0.0,3.01,0.0711,296,691.9,C_x 0.1144; status finished; case f45508e2ff64; v0.1.0,,cuda,0.471,2.54,device,0.9966,1.007,0,x-:0 x+:0 y-:0 y+:0 z-:0 z+:0 interior:0
167,2026-10-01T10:11,18866be+dirty,wing_ground,"HomebrewCFD.exe (installed v0.1.1, UPX off) wing_ground template",reference,"v0.1.1 build gate: installed exe with upx=False = run 151 exactly (C_y -0.3368, SE 0.0004, drift -0.3373/-0.3362, C_x 0.1144)",,wing (naca),5000.0,800x400x4,1280000,0.5024,0.087,160000,64000,6.0,regularized,wale cw=0.5 + smag floor cs=0.04,off,wing bouzidi,inlet neem_open / x inflow / y walls / z periodic,"relax x 24, sigma 0.1",none,wing C_y,-0.3368,0.0004,-0.3373,-0.3362,,,,,,,,,C_x 0.1144; status finished; case f45508e2ff64; v0.1.1,,cuda,,,,,,,
168,2026-10-01T21:29,v0.1.1 (CI build),wing_ground,"HomebrewCFD.exe (installed v0.1.1 CI build, source-built bootloader) wing_ground template",superseded,"v0.1.1 release gate: CI-built installer = run 151 (C_y -0.3368, SE 0.0004, drift -0.3373/-0.3362, C_x 0.1144); 6th-digit differences only; draft deleted (console windows flashed at run end), rebuilt from 9575041",169,wing (naca),5000.0,800x400x4,1280000,0.5024,0.087,160000,64000,6.0,regularized,wale cw=0.5 + smag floor cs=0.04,off,wing bouzidi,inlet neem_open / x inflow / y walls / z periodic,"relax x 24, sigma 0.1",none,wing C_y,-0.3368,0.0004,-0.3373,-0.3362,,,,,,,,,C_x 0.1144; status finished; case f45508e2ff64; v0.1.1,,cuda,,,,,,,
169,2026-10-01T22:05,"9575041 (v0.1.1 tag, CI build)",wing_ground,HomebrewCFD.exe (installed v0.1.1 release build) wing_ground template,reference,"v0.1.1 release gate: tagged CI installer = run 151 (C_y -0.3368, SE 0.0004, drift -0.3373/-0.3362, C_x 0.1144); 6th-digit differences only",,wing (naca),5000.0,800x400x4,1280000,0.5024,0.087,160000,64000,6.0,regularized,wale cw=0.5 + smag floor cs=0.04,off,wing bouzidi,inlet neem_open / x inflow / y walls / z periodic,"relax x 24, sigma 0.1",none,wing C_y,-0.3368,0.0004,-0.3373,-0.3362,,,,,,,,,C_x 0.1144; status finished; case f45508e2ff64; v0.1.1,,cuda,,,,,,,
170,2026-10-03T01:33,"6da4ea9 (v0.2.0 tag, CI build, signed)",wing_ground,HomebrewCFD.exe (installed v0.2.0 signed release build) wing_ground template,reference,"v0.2.0 release gate: signed CI installer = run 151 (C_y -0.3368, SE 0.0004, drift -0.3373/-0.3362, C_x 0.1144); run landed in Documents\Homebrew CFD Projects\Runs",,wing (naca),5000.0,800x400x4,1280000,0.5024,0.087,160000,64000,6.0,regularized,wale cw=0.5 + smag floor cs=0.04,off,wing bouzidi,inlet neem_open / x inflow / y walls / z periodic,"relax x 24, sigma 0.1",none,wing C_y,-0.3368,0.0004,-0.3373,-0.3362,,,0,0.0,3.01,0.0711,318,644.0,C_x 0.1144; status finished; case f45508e2ff64; v0.2.0,,cuda,0.471,3.05,device,0.9966,1.007,0,x-:0 x+:0 y-:0 y+:0 z-:0 z+:0 interior:0
171,2026-10-04T18:49,cde1474+dirty,ahmed,"app: Templates > ahmed (cases/templates/ahmed.json, kind ahmed)",reference,"v0.3.0 step 6 template gate: ahmed.json through the case file + build_part = run 72 exactly (Cd 0.6996 SE 0.0019, drift 0.7001/0.6991, max |u| 0.1615, rho 0.9845-1.0066, hot 146, 2.119 GB fields); C_y -0.0081 SE 0.0033",,H=32 phi=25 round,30000,696x120x117,9771840,0.50016,0.087,153120,69600,6.0,regularized,wale cw=0.5 + smag floor cs=0.04,log-law y+>30,staircase BB,NEEM-open inlet / pressure outlet / free-slip z / no-slip floor+ceiling / static floor,"relax x 24 (free stream) / z 12 (running mean from ramp end, alpha 5.0e-04), sigma 0.1",none,Cd,0.6996,0.0019,0.7001,0.6991,,,,,,0.1615,1388,1078,C_x 0.6996; status finished; case f718406bb0e2; v0.2.0 dev,,cuda,2.119,5.61,device,0.9845,1.0066,146,
172,2026-10-04T19:25,cde1474+dirty,cylinder,python -m src.examples.cylinder 1,reference,"v0.3.0 step 6: spin band moved to cylinder_body.spin_wall_velocity; = run 155 exactly (Cd 1.1644, Cl -2.652, St 0.1723, max |u| 0.1923)",,"D=45, alpha=1.0, U=0.1",100,1800x600x4,4320000,0.635,0.173,60000,30000,1.7,BGK,none,off,Bouzidi cylinder,NEEM inlet / pressure outlet / free-slip y / periodic z,"relax x 24, sigma 0.1",none,Cd,1.1644,,,,1.4,-16.83,0,,,0.1923,235,1103.0,Cl -2.652; St 0.1723 (zc 0.1722); U_eff 0.1082,,cuda,1.59,4.89,device,0.9426,1.016,0,x-:0 x+:0 y-:0 y+:0 z-:0 z+:0 interior:0
173,2026-10-04T19:14,cde1474+dirty,spinning_cylinder,"app: Templates > spinning_cylinder (cases/templates/spinning_cylinder.json, kind cylinder, spin_ratio 1)",reference,"v0.3.0 step 6 template gate: = run 155/71 (Cd 1.1644, Cl -2.6516 vs -2.652, max |u| 0.1923, rho 0.9426-1.016, 1.59 GB fields); C_y SE 0.0147 is the shedding oscillation",,"D=45, alpha=1.0, U=0.1",100,1800x600x4,4320000,0.635,0.173,60000,30000,1.7,BGK,none,off,Bouzidi cylinder,NEEM inlet / pressure outlet / free-slip y / periodic z,"relax x 24, sigma 0.1",none,cylinder C_y,-2.6516,0.0147,-2.6434,-2.6597,,,,,,0.1923,236,1099,C_x 1.1644; status finished; case d63e8eb8f49d; v0.2.0 dev,,cuda,1.59,5.12,device,0.9426,1.016,0,
174,2026-10-04T19:18,cde1474+dirty,sphere,"app: Templates > sphere (cases/templates/sphere.json, kind sphere)",reference,"v0.3.0 step 6 template gate: Cd 1.6229 vs 1.6228 run 66 (+0.006%; series mean over the last quarter vs the example's end value, steady flow); max |u| 0.1103, 2.316 GB fields identical",,"D=20, analytic",50,384x128x128,6291456,0.62,0.173,20000,15000,1.3,TRT,none,off,Bouzidi sphere,"NEEM-open inlet / pressure outlet / free-slip y,z","relax x 24, sigma 0.1",none,sphere C_x,1.6229,0.0,1.6229,1.6229,1.5381,5.51,,,,0.1103,121,1037,C_y -0.0002; status finished; case 0b95b1b04ef7; v0.2.0 dev,,cuda,2.316,5.82,device,0.9907,1.0181,0,
175,2026-10-04T21:39,"995e013 (v0.3.0 tag, CI build, signed)",wing_ground,"HomebrewCFD.exe (installed v0.3.0 signed release build) Templates > wing ground, saved as project wing_ground_test",reference,"v0.3.0 release gate: signed CI installer = run 151 (C_y -0.3368, SE 0.0004, drift -0.3373/-0.3362, C_x 0.1144); max |u| 0.0711, rho 0.9966-1.007, 0.471 GB fields identical to run 170; run landed in the project's runs folder; live file holds all 3840 samples (plot-tail fix confirmed)",,wing (naca),5000.0,800x400x4,1280000,0.5024,0.087,160000,64000,6.0,regularized,wale cw=0.5 + smag floor cs=0.04,off,wing bouzidi,inlet neem_open / x inflow / y walls / z periodic,"relax x 24, sigma 0.1",none,wing C_y,-0.3368,0.0004,-0.3373,-0.3362,,,0,0.0,3.01,0.0711,326,628.2,C_x 0.1144; status finished; case b3bfb6f6337d; v0.3.0,,cuda,0.471,4.07,device,0.9966,1.007,0,
176,2026-10-05T10:48,c48ebcd,regression_suite,python -m src.run.regression --backend cuda,reference,"v0.4.0 regression suite, first run: 4 CUDA templates reproduce their reference runs (wing_ground C_y -0.3368 C_x 0.1144 = run 151; ahmed Cd 0.6996 SE 0.0019 = run 72; sphere Cd 1.6229 = run 66; spinning_cylinder Cd 1.1644 Cl -2.6516 = run 155); case hashes pinned; CPU wing_smoke C_y -0.0335 passes",,,,,,,,,,,,,,,,,,suite,4/4,,,,,,,,,,2111,,"ahmed/cylinder checks first ran with PART placeholder (NaN -> FAIL, as designed); values match after fix; report runs/regression/20261005-104807_cuda/report.json",,cuda,,,,,,,
177,2026-10-05T15:07,parametric-study branch,wing_ground,wing_ground_study_00 y=24.5 (h/c 0.300),reference,"parametric study gate point: = run 151 (C_y -0.3368, C_x 0.1144)",,,,800x400x4,,,,,,,,,,,,,,wing C_y,-0.3368,0.0004,,,,,,,,,,,"app Run > Parametric study, project wing_ground1, study wing_ground_study",,cuda,,,,,,,
178,2026-10-05T15:17,parametric-study branch,wing_ground,wing_ground_study_01 y=25.833 (h/c 0.317),investigate,"off the h/c trend (runs 78/151 bracket it at -0.331/-0.3368); C_x 0.1064; fractional leading-edge y",,,,800x400x4,,,,,,,,,,,,,,wing C_y,-0.3278,0.0006,,,,,,,,,,,"app Run > Parametric study, project wing_ground1, study wing_ground_study",,cuda,,,,,,,
179,2026-10-05T15:26,parametric-study branch,wing_ground,wing_ground_study_02 y=27.167 (h/c 0.333),investigate,"~10% below trend; C_x 0.0948; fractional leading-edge y: sub-cell placement sensitivity suspected",,,,800x400x4,,,,,,,,,,,,,,wing C_y,-0.2995,0.0005,,,,,,,,,,,"app Run > Parametric study, project wing_ground1, study wing_ground_study",,cuda,,,,,,,
180,2026-10-05T15:36,parametric-study branch,wing_ground,wing_ground_study_03 y=28.5 (h/c 0.350),reference,"on trend between h/c 0.3 (-0.3368) and 0.4 (-0.331); C_x 0.1107; half-cell y like the logged runs",,,,800x400x4,,,,,,,,,,,,,,wing C_y,-0.3337,0.0004,,,,,,,,,,,"app Run > Parametric study, project wing_ground1, study wing_ground_study",,cuda,,,,,,,
181,2026-10-05,parametric-study branch,wing_ground,wing_ground_study_01 y=24.75,investigate,"sub-cell placement diagnostic (y 24.5-25.5 in quarter cells): C_y varies 12% over one cell, periodic; physical change over 0.003 c should be <1%. Preview check: q_from_sdf drops every link crossing the periodic z boundary (no wrap): 364 of 3456 wing links (xz/yz diagonals at k=0 and k=nz-1) have no Bouzidi treatment, at every y",,,,800x400x4,,,,,,,,,,,,,,wing C_y,-0.3443,0.0004,,,,,,,,,,,"C_x 0.113; project wing_ground2; 360 MLUPS (GPU shared, 22 GB in use)",,cuda,,,,,,,
182,2026-10-05,parametric-study branch,wing_ground,wing_ground_study_02 y=25,investigate,"sub-cell placement diagnostic (y 24.5-25.5 in quarter cells): C_y varies 12% over one cell, periodic; physical change over 0.003 c should be <1%. Preview check: q_from_sdf drops every link crossing the periodic z boundary (no wrap): 364 of 3456 wing links (xz/yz diagonals at k=0 and k=nz-1) have no Bouzidi treatment, at every y",,,,800x400x4,,,,,,,,,,,,,,wing C_y,-0.3293,0.0004,,,,,,,,,,,"C_x 0.1051; project wing_ground2; 360 MLUPS (GPU shared, 22 GB in use)",,cuda,,,,,,,
183,2026-10-05,parametric-study branch,wing_ground,wing_ground_study_03 y=25.25,investigate,"sub-cell placement diagnostic (y 24.5-25.5 in quarter cells): C_y varies 12% over one cell, periodic; physical change over 0.003 c should be <1%. Preview check: q_from_sdf drops every link crossing the periodic z boundary (no wrap): 364 of 3456 wing links (xz/yz diagonals at k=0 and k=nz-1) have no Bouzidi treatment, at every y",,,,800x400x4,,,,,,,,,,,,,,wing C_y,-0.302,0.0003,,,,,,,,,,,"C_x 0.0991; project wing_ground2; 360 MLUPS (GPU shared, 22 GB in use)",,cuda,,,,,,,
184,2026-10-05,parametric-study branch,wing_ground,wing_ground_study_04 y=25.5,investigate,"sub-cell placement diagnostic (y 24.5-25.5 in quarter cells): C_y varies 12% over one cell, periodic; physical change over 0.003 c should be <1%. Preview check: q_from_sdf drops every link crossing the periodic z boundary (no wrap): 364 of 3456 wing links (xz/yz diagonals at k=0 and k=nz-1) have no Bouzidi treatment, at every y",,,,800x400x4,,,,,,,,,,,,,,wing C_y,-0.3355,0.0006,,,,,,,,,,,"C_x 0.1133; project wing_ground2; 360 MLUPS (GPU shared, 22 GB in use)",,cuda,,,,,,,
185,2026-10-05,periodic-wall-links (uncommitted),wing_ground,wing_ground_study y=24.5,investigate,"after periodic wall-link fix (q_from_sdf wrap, Bouzidi upstream wrap, wall model/drag/wall list wrap): -CL up ~12%; .5 positions agree within 1% (-0.3806/-0.3770) but y 25.25 still 9% low: a second phase-dependent defect remains",,,,800x400x4,,,,,,,,,,,,,,wing C_y,-0.3806,0.0012,,,,,,,,,,,"C_x 0.1036; supersedes the pre-fix point of runs 177/181-184; project wing_ground",,cuda,,,,,,,
186,2026-10-05,periodic-wall-links (uncommitted),wing_ground,wing_ground_study y=24.75,investigate,"after periodic wall-link fix (q_from_sdf wrap, Bouzidi upstream wrap, wall model/drag/wall list wrap): -CL up ~12%; .5 positions agree within 1% (-0.3806/-0.3770) but y 25.25 still 9% low: a second phase-dependent defect remains",,,,800x400x4,,,,,,,,,,,,,,wing C_y,-0.3735,0.0009,,,,,,,,,,,"C_x 0.1036; supersedes the pre-fix point of runs 177/181-184; project wing_ground",,cuda,,,,,,,
187,2026-10-05,periodic-wall-links (uncommitted),wing_ground,wing_ground_study y=25,investigate,"after periodic wall-link fix (q_from_sdf wrap, Bouzidi upstream wrap, wall model/drag/wall list wrap): -CL up ~12%; .5 positions agree within 1% (-0.3806/-0.3770) but y 25.25 still 9% low: a second phase-dependent defect remains",,,,800x400x4,,,,,,,,,,,,,,wing C_y,-0.369,0.0005,,,,,,,,,,,"C_x 0.1051; supersedes the pre-fix point of runs 177/181-184; project wing_ground",,cuda,,,,,,,
188,2026-10-05,periodic-wall-links (uncommitted),wing_ground,wing_ground_study y=25.25,investigate,"after periodic wall-link fix (q_from_sdf wrap, Bouzidi upstream wrap, wall model/drag/wall list wrap): -CL up ~12%; .5 positions agree within 1% (-0.3806/-0.3770) but y 25.25 still 9% low: a second phase-dependent defect remains",,,,800x400x4,,,,,,,,,,,,,,wing C_y,-0.3425,0.0004,,,,,,,,,,,"C_x 0.1011; supersedes the pre-fix point of runs 177/181-184; project wing_ground",,cuda,,,,,,,
189,2026-10-05,periodic-wall-links (uncommitted),wing_ground,wing_ground_study y=25.5,investigate,"after periodic wall-link fix (q_from_sdf wrap, Bouzidi upstream wrap, wall model/drag/wall list wrap): -CL up ~12%; .5 positions agree within 1% (-0.3806/-0.3770) but y 25.25 still 9% low: a second phase-dependent defect remains",,,,800x400x4,,,,,,,,,,,,,,wing C_y,-0.377,0.0005,,,,,,,,,,,"C_x 0.1024; supersedes the pre-fix point of runs 177/181-184; project wing_ground",,cuda,,,,,,,
190,2026-10-05T18:57,periodic-wall-links (uncommitted),regression_suite,python -m src.run.regression --backend cuda,reference,"after periodic wall-link fix: sphere and Ahmed identical (axes not periodic); spinning cylinder Cd 1.1626 (SE 0.0044) Cl -2.6558 (SE 0.0146) vs run 155 1.1644 / -2.652, -0.15% / +0.14%, within 0.4 SE: Bouzidi upstream now wraps in z instead of halfway fallback at k=0 / nz-1; new cylinder reference, tolerance = SE; wing C_y -0.3806 C_x 0.1036 (expected change, re-pinned after thin-wall links)",,,,,,,,,,,,,,,,,,suite,2/4 (expected),,,,,,,,,,,,,,cuda,,,,,,,
191,2026-10-05,periodic-wall-links (uncommitted),wing_smoke,python -m src.run.regression --backend cpu,reference,"CPU smoke after periodic wall-link fix: C_y -0.0494 (was -0.0335; short unconverged smoke case, 10% of wing links were missing before); new reference in suite.json and release.yml",,,,,,,,,,,,,,,,,,wing C_y,-0.0494,,,,,,,,,,,,,,cpu,,,,,,,
192,2026-10-05,periodic-wall-links + temporary HCFD_SURFACE_OFFSET=1.0,wing_ground,te_offset_1 y=24.5,diagnostic,"thin trailing-edge test: section grown 1 cell (TE 2 cells thick); y 25.25 still 6% low (base geometry 9%), others within 1.4%: TE is not the main cause; outlier phase unchanged by a 1-cell offset, pointing at the lower-surface lattice phase. All runs shed (C_y std 0.12, same frequency): no regime switch",,,,800x400x4,,,,,,,,,,,,,,wing C_y,-0.4249,0.0033,,,,,,,,,,,"C_x 0.1338; diagnostic geometry, not a result",,cuda,,,,,,,
193,2026-10-05,periodic-wall-links + temporary HCFD_SURFACE_OFFSET=1.0,wing_ground,te_offset_1 y=24.75,diagnostic,"thin trailing-edge test: section grown 1 cell (TE 2 cells thick); y 25.25 still 6% low (base geometry 9%), others within 1.4%: TE is not the main cause; outlier phase unchanged by a 1-cell offset, pointing at the lower-surface lattice phase. All runs shed (C_y std 0.12, same frequency): no regime switch",,,,800x400x4,,,,,,,,,,,,,,wing C_y,-0.4257,0.0045,,,,,,,,,,,"C_x 0.1315; diagnostic geometry, not a result",,cuda,,,,,,,
194,2026-10-05,periodic-wall-links + temporary HCFD_SURFACE_OFFSET=1.0,wing_ground,te_offset_1 y=25,diagnostic,"thin trailing-edge test: section grown 1 cell (TE 2 cells thick); y 25.25 still 6% low (base geometry 9%), others within 1.4%: TE is not the main cause; outlier phase unchanged by a 1-cell offset, pointing at the lower-surface lattice phase. All runs shed (C_y std 0.12, same frequency): no regime switch",,,,800x400x4,,,,,,,,,,,,,,wing C_y,-0.4196,0.002,,,,,,,,,,,"C_x 0.1308; diagnostic geometry, not a result",,cuda,,,,,,,
195,2026-10-05,periodic-wall-links + temporary HCFD_SURFACE_OFFSET=1.0,wing_ground,te_offset_1 y=25.25,diagnostic,"thin trailing-edge test: section grown 1 cell (TE 2 cells thick); y 25.25 still 6% low (base geometry 9%), others within 1.4%: TE is not the main cause; outlier phase unchanged by a 1-cell offset, pointing at the lower-surface lattice phase. All runs shed (C_y std 0.12, same frequency): no regime switch",,,,800x400x4,,,,,,,,,,,,,,wing C_y,-0.3984,0.0006,,,,,,,,,,,"C_x 0.1284; diagnostic geometry, not a result",,cuda,,,,,,,
196,2026-10-05,periodic-wall-links + temporary HCFD_SURFACE_OFFSET=1.0,wing_ground,te_offset_1 y=25.5,diagnostic,"thin trailing-edge test: section grown 1 cell (TE 2 cells thick); y 25.25 still 6% low (base geometry 9%), others within 1.4%: TE is not the main cause; outlier phase unchanged by a 1-cell offset, pointing at the lower-surface lattice phase. All runs shed (C_y std 0.12, same frequency): no regime switch",,,,800x400x4,,,,,,,,,,,,,,wing C_y,-0.4227,0.0024,,,,,,,,,,,"C_x 0.1329; diagnostic geometry, not a result",,cuda,,,,,,,
197,2026-10-05,periodic-wall-links,wing_ground,Re_c 2000 study y=24.5,diagnostic,"placement study at Re_c 2000 (tau 0.506, steady, SE 0.0001-0.0002): swing persists, y 25.25 11% below the .5 positions (-0.2477 vs -0.2790/-0.2804): not the Re 5000 flow; points to curved-geometry discretization (resolution test next, c = 120)",,,2000,800x400x4,,,,,,,,,,,,,,wing C_y,-0.2790,0.0002,,,,,,,,,,,"C_x 0.1252; project wing_ground4",,cuda,,,,,,,
198,2026-10-05,periodic-wall-links,wing_ground,Re_c 2000 study y=24.75,diagnostic,"placement study at Re_c 2000 (tau 0.506, steady, SE 0.0001-0.0002): swing persists, y 25.25 11% below the .5 positions (-0.2477 vs -0.2790/-0.2804): not the Re 5000 flow; points to curved-geometry discretization (resolution test next, c = 120)",,,2000,800x400x4,,,,,,,,,,,,,,wing C_y,-0.2657,0.0002,,,,,,,,,,,"C_x 0.1247; project wing_ground4",,cuda,,,,,,,
199,2026-10-05,periodic-wall-links,wing_ground,Re_c 2000 study y=25,diagnostic,"placement study at Re_c 2000 (tau 0.506, steady, SE 0.0001-0.0002): swing persists, y 25.25 11% below the .5 positions (-0.2477 vs -0.2790/-0.2804): not the Re 5000 flow; points to curved-geometry discretization (resolution test next, c = 120)",,,2000,800x400x4,,,,,,,,,,,,,,wing C_y,-0.2631,0.0002,,,,,,,,,,,"C_x 0.1261; project wing_ground4",,cuda,,,,,,,
200,2026-10-05,periodic-wall-links,wing_ground,Re_c 2000 study y=25.25,diagnostic,"placement study at Re_c 2000 (tau 0.506, steady, SE 0.0001-0.0002): swing persists, y 25.25 11% below the .5 positions (-0.2477 vs -0.2790/-0.2804): not the Re 5000 flow; points to curved-geometry discretization (resolution test next, c = 120)",,,2000,800x400x4,,,,,,,,,,,,,,wing C_y,-0.2477,0.0001,,,,,,,,,,,"C_x 0.1230; project wing_ground4",,cuda,,,,,,,
201,2026-10-05,periodic-wall-links,wing_ground,Re_c 2000 study y=25.5,diagnostic,"placement study at Re_c 2000 (tau 0.506, steady, SE 0.0001-0.0002): swing persists, y 25.25 11% below the .5 positions (-0.2477 vs -0.2790/-0.2804): not the Re 5000 flow; points to curved-geometry discretization (resolution test next, c = 120)",,,2000,800x400x4,,,,,,,,,,,,,,wing C_y,-0.2804,0.0002,,,,,,,,,,,"C_x 0.1242; project wing_ground4",,cuda,,,,,,,
202,2026-10-05,periodic-wall-links,wing_ground,c=120 Re_c 2000 study y=36.5,diagnostic,"resolution test of the placement swing: c = 120 peak-to-peak 9.1% (-0.2633..-0.2896) vs 11.7% at c = 80 (runs 197-201); ratio 0.78, close to first order (0.67), not second (0.44); half-cell positions agree across resolution (-0.2814 vs -0.2797, 0.6%): discretization error of the curved wall, slowly converging",,,2000,1200x600x4,,,,,,,,,,,,,,wing C_y,-0.2809,0.0001,,,,,,,,,,,"C_x 0.1272; project wing_ground5; 1017 MLUPS",,cuda,,,,,,,
203,2026-10-05,periodic-wall-links,wing_ground,c=120 Re_c 2000 study y=36.75,diagnostic,"resolution test of the placement swing: c = 120 peak-to-peak 9.1% (-0.2633..-0.2896) vs 11.7% at c = 80 (runs 197-201); ratio 0.78, close to first order (0.67), not second (0.44); half-cell positions agree across resolution (-0.2814 vs -0.2797, 0.6%): discretization error of the curved wall, slowly converging",,,2000,1200x600x4,,,,,,,,,,,,,,wing C_y,-0.2896,0.0001,,,,,,,,,,,"C_x 0.1274; project wing_ground5; 1017 MLUPS",,cuda,,,,,,,
204,2026-10-05,periodic-wall-links,wing_ground,c=120 Re_c 2000 study y=37,diagnostic,"resolution test of the placement swing: c = 120 peak-to-peak 9.1% (-0.2633..-0.2896) vs 11.7% at c = 80 (runs 197-201); ratio 0.78, close to first order (0.67), not second (0.44); half-cell positions agree across resolution (-0.2814 vs -0.2797, 0.6%): discretization error of the curved wall, slowly converging",,,2000,1200x600x4,,,,,,,,,,,,,,wing C_y,-0.2774,0.0001,,,,,,,,,,,"C_x 0.1266; project wing_ground5; 1017 MLUPS",,cuda,,,,,,,
205,2026-10-05,periodic-wall-links,wing_ground,c=120 Re_c 2000 study y=37.25,diagnostic,"resolution test of the placement swing: c = 120 peak-to-peak 9.1% (-0.2633..-0.2896) vs 11.7% at c = 80 (runs 197-201); ratio 0.78, close to first order (0.67), not second (0.44); half-cell positions agree across resolution (-0.2814 vs -0.2797, 0.6%): discretization error of the curved wall, slowly converging",,,2000,1200x600x4,,,,,,,,,,,,,,wing C_y,-0.2633,0.0001,,,,,,,,,,,"C_x 0.1257; project wing_ground5; 1017 MLUPS",,cuda,,,,,,,
206,2026-10-05,periodic-wall-links,wing_ground,c=120 Re_c 2000 study y=37.5,diagnostic,"resolution test of the placement swing: c = 120 peak-to-peak 9.1% (-0.2633..-0.2896) vs 11.7% at c = 80 (runs 197-201); ratio 0.78, close to first order (0.67), not second (0.44); half-cell positions agree across resolution (-0.2814 vs -0.2797, 0.6%): discretization error of the curved wall, slowly converging",,,2000,1200x600x4,,,,,,,,,,,,,,wing C_y,-0.2819,0.0001,,,,,,,,,,,"C_x 0.1265; project wing_ground5; 1017 MLUPS",,cuda,,,,,,,
207,2026-10-05,periodic-wall-links,spinning_cylinder,cylinder placement study, spin 0, Re 20, regularized, center y=300,diagnostic,"generic curved-wall check (analytic q, no SDF): Cd spread 1.0% (2.2009 at y 300.5, others 2.2233-2.2235) at D = 45 vs the wing 11% at c = 80: Bouzidi on a smooth well-resolved curve is near the 1% gate; the wing defect is wing-specific (shallow-angle surfaces / SDF path / thin LE-TE)",,,20,1800x600x4,,,,,,,,,,,,,,cylinder C_x,2.2235,0.0000,,,,,,,,,,,"project spinning_cylinder; steady",,cuda,,,,,,,
208,2026-10-05,periodic-wall-links,spinning_cylinder,cylinder placement study, spin 0, Re 20, regularized, center y=300.25,diagnostic,"generic curved-wall check (analytic q, no SDF): Cd spread 1.0% (2.2009 at y 300.5, others 2.2233-2.2235) at D = 45 vs the wing 11% at c = 80: Bouzidi on a smooth well-resolved curve is near the 1% gate; the wing defect is wing-specific (shallow-angle surfaces / SDF path / thin LE-TE)",,,20,1800x600x4,,,,,,,,,,,,,,cylinder C_x,2.2233,0.0000,,,,,,,,,,,"project spinning_cylinder; steady",,cuda,,,,,,,
209,2026-10-05,periodic-wall-links,spinning_cylinder,cylinder placement study, spin 0, Re 20, regularized, center y=300.5,diagnostic,"generic curved-wall check (analytic q, no SDF): Cd spread 1.0% (2.2009 at y 300.5, others 2.2233-2.2235) at D = 45 vs the wing 11% at c = 80: Bouzidi on a smooth well-resolved curve is near the 1% gate; the wing defect is wing-specific (shallow-angle surfaces / SDF path / thin LE-TE)",,,20,1800x600x4,,,,,,,,,,,,,,cylinder C_x,2.2009,0.0000,,,,,,,,,,,"project spinning_cylinder; steady",,cuda,,,,,,,
210,2026-10-05,periodic-wall-links,spinning_cylinder,cylinder placement study, spin 0, Re 20, regularized, center y=300.75,diagnostic,"generic curved-wall check (analytic q, no SDF): Cd spread 1.0% (2.2009 at y 300.5, others 2.2233-2.2235) at D = 45 vs the wing 11% at c = 80: Bouzidi on a smooth well-resolved curve is near the 1% gate; the wing defect is wing-specific (shallow-angle surfaces / SDF path / thin LE-TE)",,,20,1800x600x4,,,,,,,,,,,,,,cylinder C_x,2.2233,0.0000,,,,,,,,,,,"project spinning_cylinder; steady",,cuda,,,,,,,
211,2026-10-06,periodic-wall-links,wing_ground,Re_c 2000, sgs none, smagorinsky 0, y=24.5,diagnostic,"turbulence model off: swing unchanged (-0.2518 at 25.25 vs -0.2832/-0.2844, 11%): WALE and the Smagorinsky floor are ruled out",,,2000,800x400x4,,,,,,,,none,,,,,,wing C_y,-0.2832,0.0001,,,,,,,,,,,"C_x 0.1244; project wing_ground4, study no_sgs",,cuda,,,,,,,
212,2026-10-06,periodic-wall-links,wing_ground,Re_c 2000, sgs none, smagorinsky 0, y=25,diagnostic,"turbulence model off: swing unchanged (-0.2518 at 25.25 vs -0.2832/-0.2844, 11%): WALE and the Smagorinsky floor are ruled out",,,2000,800x400x4,,,,,,,,none,,,,,,wing C_y,-0.2673,0.0001,,,,,,,,,,,"C_x 0.1255; project wing_ground4, study no_sgs",,cuda,,,,,,,
213,2026-10-06,periodic-wall-links,wing_ground,Re_c 2000, sgs none, smagorinsky 0, y=25.25,diagnostic,"turbulence model off: swing unchanged (-0.2518 at 25.25 vs -0.2832/-0.2844, 11%): WALE and the Smagorinsky floor are ruled out",,,2000,800x400x4,,,,,,,,none,,,,,,wing C_y,-0.2518,0.0001,,,,,,,,,,,"C_x 0.1223; project wing_ground4, study no_sgs",,cuda,,,,,,,
214,2026-10-06,periodic-wall-links,wing_ground,Re_c 2000, sgs none, smagorinsky 0, y=25.5,diagnostic,"turbulence model off: swing unchanged (-0.2518 at 25.25 vs -0.2832/-0.2844, 11%): WALE and the Smagorinsky floor are ruled out",,,2000,800x400x4,,,,,,,,none,,,,,,wing C_y,-0.2844,0.0001,,,,,,,,,,,"C_x 0.1234; project wing_ground4, study no_sgs",,cuda,,,,,,,
215,2026-10-06,periodic-wall-links,wing_free_stream,NACA 4412 alpha 4 free stream (free-slip y), Re_c 2000, sgs none, y=180,diagnostic,"no ground: swing persists, 11% (-0.2625 at .25 vs -0.2937 at .5); same phase pattern as in ground effect: ground and gap ruled out; remaining suspect: sub-cell sharp trailing edge (Kutta point)",,,2000,800x400x4,,,,,,,,none,,,,,,wing C_y,-0.2736,0.0001,,,,,,,,,,,"C_x 0.1045; project wing_ground4, study free_stream_phase",,cuda,,,,,,,
216,2026-10-06,periodic-wall-links,wing_free_stream,NACA 4412 alpha 4 free stream (free-slip y), Re_c 2000, sgs none, y=180.25,diagnostic,"no ground: swing persists, 11% (-0.2625 at .25 vs -0.2937 at .5); same phase pattern as in ground effect: ground and gap ruled out; remaining suspect: sub-cell sharp trailing edge (Kutta point)",,,2000,800x400x4,,,,,,,,none,,,,,,wing C_y,-0.2625,0.0001,,,,,,,,,,,"C_x 0.1020; project wing_ground4, study free_stream_phase",,cuda,,,,,,,
217,2026-10-06,periodic-wall-links,wing_free_stream,NACA 4412 alpha 4 free stream (free-slip y), Re_c 2000, sgs none, y=180.5,diagnostic,"no ground: swing persists, 11% (-0.2625 at .25 vs -0.2937 at .5); same phase pattern as in ground effect: ground and gap ruled out; remaining suspect: sub-cell sharp trailing edge (Kutta point)",,,2000,800x400x4,,,,,,,,none,,,,,,wing C_y,-0.2937,0.0001,,,,,,,,,,,"C_x 0.1023; project wing_ground4, study free_stream_phase",,cuda,,,,,,,
218,2026-10-06,periodic-wall-links,wing_free_stream,NACA 4412 alpha 4 free stream (free-slip y), Re_c 2000, sgs none, y=180.75,diagnostic,"no ground: swing persists, 11% (-0.2625 at .25 vs -0.2937 at .5); same phase pattern as in ground effect: ground and gap ruled out; remaining suspect: sub-cell sharp trailing edge (Kutta point)",,,2000,800x400x4,,,,,,,,none,,,,,,wing C_y,-0.2830,0.0001,,,,,,,,,,,"C_x 0.1025; project wing_ground4, study free_stream_phase",,cuda,,,,,,,
219,2026-10-06,periodic-wall-links + temporary HCFD_TE_CUT=0.88,wing_free_stream,free stream, blunt TE cut at 0.88 c (2.5-cell base), y=180,diagnostic,"blunt trailing edge halves the placement swing (5.0% vs 11% sharp, runs 215-218): the sub-cell sharp trailing edge is the main cause; remainder from the 1.3-cell leading-edge radius and the base corners. Fix: thin-wall links (sub-cell features seen by Bouzidi)",,,2000,800x400x4,,,,,,,,none,,,,,,wing C_y,-0.3163,0.0002,,,,,,,,,,,"C_x 0.0855; diagnostic geometry, not a result",,cuda,,,,,,,
220,2026-10-06,periodic-wall-links + temporary HCFD_TE_CUT=0.88,wing_free_stream,free stream, blunt TE cut at 0.88 c (2.5-cell base), y=180.25,diagnostic,"blunt trailing edge halves the placement swing (5.0% vs 11% sharp, runs 215-218): the sub-cell sharp trailing edge is the main cause; remainder from the 1.3-cell leading-edge radius and the base corners. Fix: thin-wall links (sub-cell features seen by Bouzidi)",,,2000,800x400x4,,,,,,,,none,,,,,,wing C_y,-0.3072,0.0002,,,,,,,,,,,"C_x 0.0821; diagnostic geometry, not a result",,cuda,,,,,,,
221,2026-10-06,periodic-wall-links + temporary HCFD_TE_CUT=0.88,wing_free_stream,free stream, blunt TE cut at 0.88 c (2.5-cell base), y=180.5,diagnostic,"blunt trailing edge halves the placement swing (5.0% vs 11% sharp, runs 215-218): the sub-cell sharp trailing edge is the main cause; remainder from the 1.3-cell leading-edge radius and the base corners. Fix: thin-wall links (sub-cell features seen by Bouzidi)",,,2000,800x400x4,,,,,,,,none,,,,,,wing C_y,-0.3009,0.0002,,,,,,,,,,,"C_x 0.0796; diagnostic geometry, not a result",,cuda,,,,,,,
222,2026-10-06,periodic-wall-links + temporary HCFD_TE_CUT=0.88,wing_free_stream,free stream, blunt TE cut at 0.88 c (2.5-cell base), y=180.75,diagnostic,"blunt trailing edge halves the placement swing (5.0% vs 11% sharp, runs 215-218): the sub-cell sharp trailing edge is the main cause; remainder from the 1.3-cell leading-edge radius and the base corners. Fix: thin-wall links (sub-cell features seen by Bouzidi)",,,2000,800x400x4,,,,,,,,none,,,,,,wing C_y,-0.3033,0.0002,,,,,,,,,,,"C_x 0.0806; diagnostic geometry, not a result",,cuda,,,,,,,
223,2026-10-06T13:48,thin-wall-links (uncommitted),regression_suite,python -m src.run.regression --backend cuda,reference,"thin-wall links: sphere, Ahmed, cylinder identical; wing_ground C_y -0.3987 (SE 0.0004) C_x 0.1070 (was -0.3806 / 0.1036): sub-cell trailing edge now seen; new wing reference (supersedes run 151 values)",,,,,,,,,,,,,,,,,,suite,3/4 (wing expected),,,,,,,,,,,,,,cuda,,,,,,,
224,2026-10-06,thin-wall-links (uncommitted),wing_free_stream,free stream, sharp TE, thin-wall links, y=180,diagnostic,"thin-wall links: placement spread 7.3% (was 11%, runs 215-218); lift up ~25% (trailing edge now part of the wing); gate (<= 5%, target 1%) not yet met: remaining error suspected from the 1.3-cell leading-edge radius / tip resolution; resolution test at c = 120 next",,,2000,800x400x4,,,,,,,,none,,,,,,wing C_y,-0.3473,0.0001,,,,,,,,,,,"C_x 0.0900; project wing_ground7, study thin_wall_phase",,cuda,,,,,,,
225,2026-10-06,thin-wall-links (uncommitted),wing_free_stream,free stream, sharp TE, thin-wall links, y=180.25,diagnostic,"thin-wall links: placement spread 7.3% (was 11%, runs 215-218); lift up ~25% (trailing edge now part of the wing); gate (<= 5%, target 1%) not yet met: remaining error suspected from the 1.3-cell leading-edge radius / tip resolution; resolution test at c = 120 next",,,2000,800x400x4,,,,,,,,none,,,,,,wing C_y,-0.3673,0.0001,,,,,,,,,,,"C_x 0.0884; project wing_ground7, study thin_wall_phase",,cuda,,,,,,,
226,2026-10-06,thin-wall-links (uncommitted),wing_free_stream,free stream, sharp TE, thin-wall links, y=180.5,diagnostic,"thin-wall links: placement spread 7.3% (was 11%, runs 215-218); lift up ~25% (trailing edge now part of the wing); gate (<= 5%, target 1%) not yet met: remaining error suspected from the 1.3-cell leading-edge radius / tip resolution; resolution test at c = 120 next",,,2000,800x400x4,,,,,,,,none,,,,,,wing C_y,-0.3561,0.0001,,,,,,,,,,,"C_x 0.0868; project wing_ground7, study thin_wall_phase",,cuda,,,,,,,
227,2026-10-06,thin-wall-links (uncommitted),wing_free_stream,free stream, sharp TE, thin-wall links, y=180.75,diagnostic,"thin-wall links: placement spread 7.3% (was 11%, runs 215-218); lift up ~25% (trailing edge now part of the wing); gate (<= 5%, target 1%) not yet met: remaining error suspected from the 1.3-cell leading-edge radius / tip resolution; resolution test at c = 120 next",,,2000,800x400x4,,,,,,,,none,,,,,,wing C_y,-0.3737,0.0001,,,,,,,,,,,"C_x 0.0864; project wing_ground7, study thin_wall_phase",,cuda,,,,,,,
228,2026-10-06T15:58,b5741b1,wing_smoke,python -m src.run.regression --backend cpu,reference,"CPU smoke after thin-wall links: C_y -0.0396 (was -0.0494); re-pinned in suite.json and release.yml",,,,,,,,,,,,,,,,,,wing C_y,-0.0396,,,,,,,,,,,,,,cpu,,,,,,,
229,2026-10-06,b5741b1,wing_free_stream,c=120 free stream, thin-wall links, y=270,diagnostic,"resolution test with thin walls: spread 5.4% (c = 80: 7.3%, ratio 0.74, still first order); mean lift -0.308 vs -0.361 at c = 80 (15% resolution change): thin-wall result not converged; localize again",,,2000,1200x600x4,,,,,,,,none,,,,,,wing C_y,-0.3093,0.0002,,,,,,,,,,,"C_x 0.1056; project wing_ground7",,cuda,,,,,,,
230,2026-10-06,b5741b1,wing_free_stream,c=120 free stream, thin-wall links, y=270.25,diagnostic,"resolution test with thin walls: spread 5.4% (c = 80: 7.3%, ratio 0.74, still first order); mean lift -0.308 vs -0.361 at c = 80 (15% resolution change): thin-wall result not converged; localize again",,,2000,1200x600x4,,,,,,,,none,,,,,,wing C_y,-0.3043,0.0004,,,,,,,,,,,"C_x 0.1053; project wing_ground7",,cuda,,,,,,,
231,2026-10-06,b5741b1,wing_free_stream,c=120 free stream, thin-wall links, y=270.5,diagnostic,"resolution test with thin walls: spread 5.4% (c = 80: 7.3%, ratio 0.74, still first order); mean lift -0.308 vs -0.361 at c = 80 (15% resolution change): thin-wall result not converged; localize again",,,2000,1200x600x4,,,,,,,,none,,,,,,wing C_y,-0.3178,0.0002,,,,,,,,,,,"C_x 0.1058; project wing_ground7",,cuda,,,,,,,
232,2026-10-06,b5741b1,wing_free_stream,c=120 free stream, thin-wall links, y=270.75,diagnostic,"resolution test with thin walls: spread 5.4% (c = 80: 7.3%, ratio 0.74, still first order); mean lift -0.308 vs -0.361 at c = 80 (15% resolution change): thin-wall result not converged; localize again",,,2000,1200x600x4,,,,,,,,none,,,,,,wing C_y,-0.3013,0.0005,,,,,,,,,,,"C_x 0.1048; project wing_ground7",,cuda,,,,,,,
233,2026-10-06,b5741b1 + tools/force_regions.py,wing_free_stream,force by region, thin walls, c = 80, y=180,diagnostic,"region split of the remaining 0.026 difference: lower leading-edge station -0.0114 plus a uniform upper-surface shift (circulation); at 180.75 24 thin-wall links appear at the leading edge (radius 1.3 cells): remaining swing is leading-edge resolution; box balance agrees with link sums",,,2000,800x400x4,,,,,,,,none,,,,,,wing C_y,-0.3473,,,,,,,,,,,,,,cuda,,,,,,,
234,2026-10-06,b5741b1 + tools/force_regions.py,wing_free_stream,force by region, thin walls, c = 80, y=180.75,diagnostic,"region split of the remaining 0.026 difference: lower leading-edge station -0.0114 plus a uniform upper-surface shift (circulation); at 180.75 24 thin-wall links appear at the leading edge (radius 1.3 cells): remaining swing is leading-edge resolution; box balance agrees with link sums",,,2000,800x400x4,,,,,,,,none,,,,,,wing C_y,-0.3737,,,,,,,,,,,,,,cuda,,,,,,,
